Workbook

Sheet Tahliliy qism
C2: O'ZBEKISTON RESPUBLIKASI VA VILOYATLAR KESIMIDA IQTISODIY VA IJTIMOIY INDEKSLARNING UMUMIY TAHLILI
C9: 1. O'ZBEKISTON RESPUBLIKASI VA VILOYATLAR KESIMIDA YILLIK YALPI ICHKI MAHSULOT HAJMINING O'SISH SURATI
C13: Yillar | D13: O'zbekiston | E13: Qoraqalpog'iston | F13: Andijon | G13: Buxoro | H13: Jizzax | I13: Qashqadaryo | J13: Navoiy | K13: Namangan | L13: Samarqand | M13: Surxondaryo | N13: Sirdaryo | O13: Toshkent vil | P13: Farg'ona | Q13: Xorazm | R13: Toshkent sh
C14: 2011 | D14: ='Ozbekiston Respublikasi'!C3/'Ozbekiston Respublikasi'!C2-1 -> 0.31242509 | E14: ='Qoraqalpogiston Respublikasi'!C3/'Qoraqalpogiston Respublikasi'!C2-1 -> 0.29993856 | F14: ='Andijon Viloyati'!C3/'Andijon Viloyati'!C2-1 -> 0.36243773 | G14: ='Buxoro Viloyati'!C3/'Buxoro Viloyati'!C2-1 -> 0.3206992 | H14: ='Jizzah Viloyati'!C3/'Jizzah Viloyati'!C2-1 -> 0.37317103 | I14: ='Qashqadaryo Viloyati'!C3/'Qashqadaryo Viloyati'!C2-1 -> 0.28576298 | J14: ='Navoiy Viloyati'!C3/'Navoiy Viloyati'!C2-1 -> 0.22555505 | K14: ='Namangan Viloyati'!C3/'Namangan Viloyati'!C2-1 -> 0.37817815 | L14: ='Samarqand Viloyati'!C3/'Samarqand Viloyati'!C2-1 -> 0.26064619 | M14: ='Surxandaryo Viloyati'!C3/'Surxandaryo Viloyati'!C2-1 -> 0.51993583 | N14: ='Sirdaryo Viloyati'!C3/'Sirdaryo Viloyati'!C2-1 -> 0.40422209 | O14: ='Toshkent Viloyati '!C3/'Toshkent Viloyati '!C2-1 -> 0.33804943 | P14: ='Fargona Viloyati'!C3/'Fargona Viloyati'!C2-1 -> 0.34077843 | Q14: ='Xorazm Viloyati'!C3/'Xorazm Viloyati'!C2-1 -> 0.3479512 | R14: ='Toshkent shahri'!C3/'Toshkent shahri'!C2-1 -> 0.29351473
C15: 2012 | D15: ='Ozbekiston Respublikasi'!C4/'Ozbekiston Respublikasi'!C3-1 -> 0.2309583 | E15: ='Qoraqalpogiston Respublikasi'!C4/'Qoraqalpogiston Respublikasi'!C3-1 -> 0.25135143 | F15: ='Andijon Viloyati'!C4/'Andijon Viloyati'!C3-1 -> 0.23141767 | G15: ='Buxoro Viloyati'!C4/'Buxoro Viloyati'!C3-1 -> 0.17295973 | H15: ='Jizzah Viloyati'!C4/'Jizzah Viloyati'!C3-1 -> 0.23280802 | I15: ='Qashqadaryo Viloyati'!C4/'Qashqadaryo Viloyati'!C3-1 -> 0.22774781 | J15: ='Navoiy Viloyati'!C4/'Navoiy Viloyati'!C3-1 -> 0.23404407 | K15: ='Namangan Viloyati'!C4/'Namangan Viloyati'!C3-1 -> 0.24988573 | L15: ='Samarqand Viloyati'!C4/'Samarqand Viloyati'!C3-1 -> 0.21638369 | M15: ='Surxandaryo Viloyati'!C4/'Surxandaryo Viloyati'!C3-1 -> 0.2345694 | N15: ='Sirdaryo Viloyati'!C4/'Sirdaryo Viloyati'!C3-1 -> 0.22880153 | O15: ='Toshkent Viloyati '!C4/'Toshkent Viloyati '!C3-1 -> 0.24994852 | P15: ='Fargona Viloyati'!C4/'Fargona Viloyati'!C3-1 -> 0.25124608 | Q15: ='Xorazm Viloyati'!C4/'Xorazm Viloyati'!C3-1 -> 0.23546201 | R15: ='Toshkent shahri'!C4/'Toshkent shahri'!C3-1 -> 0.23950867
C16: 2013 | D16: ='Ozbekiston Respublikasi'!C5/'Ozbekiston Respublikasi'!C4-1 -> 0.21687522 | E16: ='Qoraqalpogiston Respublikasi'!C5/'Qoraqalpogiston Respublikasi'!C4-1 -> 0.30291299 | F16: ='Andijon Viloyati'!C5/'Andijon Viloyati'!C4-1 -> 0.31489402 | G16: ='Buxoro Viloyati'!C5/'Buxoro Viloyati'!C4-1 -> 0.19269136 | H16: ='Jizzah Viloyati'!C5/'Jizzah Viloyati'!C4-1 -> 0.22036607 | I16: ='Qashqadaryo Viloyati'!C5/'Qashqadaryo Viloyati'!C4-1 -> 0.17324175 | J16: ='Navoiy Viloyati'!C5/'Navoiy Viloyati'!C4-1 -> 0.18959843 | K16: ='Namangan Viloyati'!C5/'Namangan Viloyati'!C4-1 -> 0.23344061 | L16: ='Samarqand Viloyati'!C5/'Samarqand Viloyati'!C4-1 -> 0.24992012 | M16: ='Surxandaryo Viloyati'!C5/'Surxandaryo Viloyati'!C4-1 -> 0.17577473 | N16: ='Sirdaryo Viloyati'!C5/'Sirdaryo Viloyati'!C4-1 -> 0.18563715 | O16: ='Toshkent Viloyati '!C5/'Toshkent Viloyati '!C4-1 -> 0.22519483 | P16: ='Fargona Viloyati'!C5/'Fargona Viloyati'!C4-1 -> 0.22324822 | Q16: ='Xorazm Viloyati'!C5/'Xorazm Viloyati'!C4-1 -> 0.23185139 | R16: ='Toshkent shahri'!C5/'Toshkent shahri'!C4-1 -> 0.21231238
C17: 2014 | D17: ='Ozbekiston Respublikasi'!C6/'Ozbekiston Respublikasi'!C5-1 -> 0.21822444 | E17: ='Qoraqalpogiston Respublikasi'!C6/'Qoraqalpogiston Respublikasi'!C5-1 -> 0.24781679 | F17: ='Andijon Viloyati'!C6/'Andijon Viloyati'!C5-1 -> 0.1945806 | G17: ='Buxoro Viloyati'!C6/'Buxoro Viloyati'!C5-1 -> 0.23710884 | H17: ='Jizzah Viloyati'!C6/'Jizzah Viloyati'!C5-1 -> 0.24614133 | I17: ='Qashqadaryo Viloyati'!C6/'Qashqadaryo Viloyati'!C5-1 -> 0.19764553 | J17: ='Navoiy Viloyati'!C6/'Navoiy Viloyati'!C5-1 -> 0.19456882 | K17: ='Namangan Viloyati'!C6/'Namangan Viloyati'!C5-1 -> 0.22952395 | L17: ='Samarqand Viloyati'!C6/'Samarqand Viloyati'!C5-1 -> 0.25036702 | M17: ='Surxandaryo Viloyati'!C6/'Surxandaryo Viloyati'!C5-1 -> 0.24127408 | N17: ='Sirdaryo Viloyati'!C6/'Sirdaryo Viloyati'!C5-1 -> 0.20537524 | O17: ='Toshkent Viloyati '!C6/'Toshkent Viloyati '!C5-1 -> 0.21748408 | P17: ='Fargona Viloyati'!C6/'Fargona Viloyati'!C5-1 -> 0.24065036 | Q17: ='Xorazm Viloyati'!C6/'Xorazm Viloyati'!C5-1 -> 0.24697721 | R17: ='Toshkent shahri'!C6/'Toshkent shahri'!C5-1 -> 0.22700347
C18: 2015 | D18: ='Ozbekiston Respublikasi'!C7/'Ozbekiston Respublikasi'!C6-1 -> 0.18742473 | E18: ='Qoraqalpogiston Respublikasi'!C7/'Qoraqalpogiston Respublikasi'!C6-1 -> 0.21092752 | F18: ='Andijon Viloyati'!C7/'Andijon Viloyati'!C6-1 -> 0.17807582 | G18: ='Buxoro Viloyati'!C7/'Buxoro Viloyati'!C6-1 -> 0.2126281 | H18: ='Jizzah Viloyati'!C7/'Jizzah Viloyati'!C6-1 -> 0.18741343 | I18: ='Qashqadaryo Viloyati'!C7/'Qashqadaryo Viloyati'!C6-1 -> 0.19519692 | J18: ='Navoiy Viloyati'!C7/'Navoiy Viloyati'!C6-1 -> 0.13679303 | K18: ='Namangan Viloyati'!C7/'Namangan Viloyati'!C6-1 -> 0.21220978 | L18: ='Samarqand Viloyati'!C7/'Samarqand Viloyati'!C6-1 -> 0.19640875 | M18: ='Surxandaryo Viloyati'!C7/'Surxandaryo Viloyati'!C6-1 -> 0.20784035 | N18: ='Sirdaryo Viloyati'!C7/'Sirdaryo Viloyati'!C6-1 -> 0.22908432 | O18: ='Toshkent Viloyati '!C7/'Toshkent Viloyati '!C6-1 -> 0.17339986 | P18: ='Fargona Viloyati'!C7/'Fargona Viloyati'!C6-1 -> 0.20099174 | Q18: ='Xorazm Viloyati'!C7/'Xorazm Viloyati'!C6-1 -> 0.21920203 | R18: ='Toshkent shahri'!C7/'Toshkent shahri'!C6-1 -> 0.20446585
C19: 2016 | D19: ='Ozbekiston Respublikasi'!C8/'Ozbekiston Respublikasi'!C7-1 -> 0.15833029 | E19: ='Qoraqalpogiston Respublikasi'!C8/'Qoraqalpogiston Respublikasi'!C7-1 -> 0.26194559 | F19: ='Andijon Viloyati'!C8/'Andijon Viloyati'!C7-1 -> 0.17008163 | G19: ='Buxoro Viloyati'!C8/'Buxoro Viloyati'!C7-1 -> 0.16673229 | H19: ='Jizzah Viloyati'!C8/'Jizzah Viloyati'!C7-1 -> 0.16905544 | I19: ='Qashqadaryo Viloyati'!C8/'Qashqadaryo Viloyati'!C7-1 -> 0.17421256 | J19: ='Navoiy Viloyati'!C8/'Navoiy Viloyati'!C7-1 -> 0.13830139 | K19: ='Namangan Viloyati'!C8/'Namangan Viloyati'!C7-1 -> 0.19853427 | L19: ='Samarqand Viloyati'!C8/'Samarqand Viloyati'!C7-1 -> 0.24158033 | M19: ='Surxandaryo Viloyati'!C8/'Surxandaryo Viloyati'!C7-1 -> 0.10349845 | N19: ='Sirdaryo Viloyati'!C8/'Sirdaryo Viloyati'!C7-1 -> 0.20859615 | O19: ='Toshkent Viloyati '!C8/'Toshkent Viloyati '!C7-1 -> 0.093653957 | P19: ='Fargona Viloyati'!C8/'Fargona Viloyati'!C7-1 -> 0.11681869 | Q19: ='Xorazm Viloyati'!C8/'Xorazm Viloyati'!C7-1 -> 0.16023468 | R19: ='Toshkent shahri'!C8/'Toshkent shahri'!C7-1 -> 0.24142606
C20: 2017 | D20: ='Ozbekiston Respublikasi'!C9/'Ozbekiston Respublikasi'!C8-1 -> 0.27358971 | E20: ='Qoraqalpogiston Respublikasi'!C9/'Qoraqalpogiston Respublikasi'!C8-1 -> 0.30700746 | F20: ='Andijon Viloyati'!C9/'Andijon Viloyati'!C8-1 -> 0.24637855 | G20: ='Buxoro Viloyati'!C9/'Buxoro Viloyati'!C8-1 -> 0.20341792 | H20: ='Jizzah Viloyati'!C9/'Jizzah Viloyati'!C8-1 -> 0.24930614 | I20: ='Qashqadaryo Viloyati'!C9/'Qashqadaryo Viloyati'!C8-1 -> 0.088643581 | J20: ='Navoiy Viloyati'!C9/'Navoiy Viloyati'!C8-1 -> 0.44876092 | K20: ='Namangan Viloyati'!C9/'Namangan Viloyati'!C8-1 -> 0.23551829 | L20: ='Samarqand Viloyati'!C9/'Samarqand Viloyati'!C8-1 -> 0.21661594 | M20: ='Surxandaryo Viloyati'!C9/'Surxandaryo Viloyati'!C8-1 -> 0.247271 | N20: ='Sirdaryo Viloyati'!C9/'Sirdaryo Viloyati'!C8-1 -> 0.19313153 | O20: ='Toshkent Viloyati '!C9/'Toshkent Viloyati '!C8-1 -> 0.25800211 | P20: ='Fargona Viloyati'!C9/'Fargona Viloyati'!C8-1 -> 0.18586195 | Q20: ='Xorazm Viloyati'!C9/'Xorazm Viloyati'!C8-1 -> 0.17110825 | R20: ='Toshkent shahri'!C9/'Toshkent shahri'!C8-1 -> 0.36405107
C21: 2018 | D21: ='Ozbekiston Respublikasi'!C10/'Ozbekiston Respublikasi'!C9-1 -> 0.33873827 | E21: ='Qoraqalpogiston Respublikasi'!C10/'Qoraqalpogiston Respublikasi'!C9-1 -> 0.40832097 | F21: ='Andijon Viloyati'!C10/'Andijon Viloyati'!C9-1 -> 0.38067254 | G21: ='Buxoro Viloyati'!C10/'Buxoro Viloyati'!C9-1 -> 0.29057715 | H21: ='Jizzah Viloyati'!C10/'Jizzah Viloyati'!C9-1 -> 0.35037455 | I21: ='Qashqadaryo Viloyati'!C10/'Qashqadaryo Viloyati'!C9-1 -> 0.22602435 | J21: ='Navoiy Viloyati'!C10/'Navoiy Viloyati'!C9-1 -> 0.47323935 | K21: ='Namangan Viloyati'!C10/'Namangan Viloyati'!C9-1 -> 0.233585 | L21: ='Samarqand Viloyati'!C10/'Samarqand Viloyati'!C9-1 -> 0.22347059 | M21: ='Surxandaryo Viloyati'!C10/'Surxandaryo Viloyati'!C9-1 -> 0.24876809 | N21: ='Sirdaryo Viloyati'!C10/'Sirdaryo Viloyati'!C9-1 -> 0.23125262 | O21: ='Toshkent Viloyati '!C10/'Toshkent Viloyati '!C9-1 -> 0.36186275 | P21: ='Fargona Viloyati'!C10/'Fargona Viloyati'!C9-1 -> 0.31370561 | Q21: ='Xorazm Viloyati'!C10/'Xorazm Viloyati'!C9-1 -> 0.34218568 | R21: ='Toshkent shahri'!C10/'Toshkent shahri'!C9-1 -> 0.30088719
C22: 2019 | D22: ='Ozbekiston Respublikasi'!C11/'Ozbekiston Respublikasi'!C10-1 -> 0.25316219 | E22: ='Qoraqalpogiston Respublikasi'!C11/'Qoraqalpogiston Respublikasi'!C10-1 -> 0.23354997 | F22: ='Andijon Viloyati'!C11/'Andijon Viloyati'!C10-1 -> 0.25425953 | G22: ='Buxoro Viloyati'!C11/'Buxoro Viloyati'!C10-1 -> 0.28353819 | H22: ='Jizzah Viloyati'!C11/'Jizzah Viloyati'!C10-1 -> 0.26125942 | I22: ='Qashqadaryo Viloyati'!C11/'Qashqadaryo Viloyati'!C10-1 -> 0.23101002 | J22: ='Navoiy Viloyati'!C11/'Navoiy Viloyati'!C10-1 -> 0.55937757 | K22: ='Namangan Viloyati'!C11/'Namangan Viloyati'!C10-1 -> 0.28000906 | L22: ='Samarqand Viloyati'!C11/'Samarqand Viloyati'!C10-1 -> 0.18982566 | M22: ='Surxandaryo Viloyati'!C11/'Surxandaryo Viloyati'!C10-1 -> 0.21383368 | N22: ='Sirdaryo Viloyati'!C11/'Sirdaryo Viloyati'!C10-1 -> 0.39159978 | O22: ='Toshkent Viloyati '!C11/'Toshkent Viloyati '!C10-1 -> 0.36236639 | P22: ='Fargona Viloyati'!C11/'Fargona Viloyati'!C10-1 -> 0.21703716 | Q22: ='Xorazm Viloyati'!C11/'Xorazm Viloyati'!C10-1 -> 0.22429362 | R22: ='Toshkent shahri'!C11/'Toshkent shahri'!C10-1 -> 0.32398614
C23: 2020 | D23: ='Ozbekiston Respublikasi'!C12/'Ozbekiston Respublikasi'!C11-1 -> 0.13706757 | E23: ='Qoraqalpogiston Respublikasi'!C12/'Qoraqalpogiston Respublikasi'!C11-1 -> 0.093732607 | F23: ='Andijon Viloyati'!C12/'Andijon Viloyati'!C11-1 -> 0.11179492 | G23: ='Buxoro Viloyati'!C12/'Buxoro Viloyati'!C11-1 -> 0.10701482 | H23: ='Jizzah Viloyati'!C12/'Jizzah Viloyati'!C11-1 -> 0.1249717 | I23: ='Qashqadaryo Viloyati'!C12/'Qashqadaryo Viloyati'!C11-1 -> 0.084268108 | J23: ='Navoiy Viloyati'!C12/'Navoiy Viloyati'!C11-1 -> 0.4227891 | K23: ='Namangan Viloyati'!C12/'Namangan Viloyati'!C11-1 -> 0.1628313 | L23: ='Samarqand Viloyati'!C12/'Samarqand Viloyati'!C11-1 -> 0.10210403 | M23: ='Surxandaryo Viloyati'!C12/'Surxandaryo Viloyati'!C11-1 -> 0.08744169 | N23: ='Sirdaryo Viloyati'!C12/'Sirdaryo Viloyati'!C11-1 -> 0.055452081 | O23: ='Toshkent Viloyati '!C12/'Toshkent Viloyati '!C11-1 -> 0.19735665 | P23: ='Fargona Viloyati'!C12/'Fargona Viloyati'!C11-1 -> 0.13543742 | Q23: ='Xorazm Viloyati'!C12/'Xorazm Viloyati'!C11-1 -> 0.1080502 | R23: ='Toshkent shahri'!C12/'Toshkent shahri'!C11-1 -> 0.12141288
C24: 2021 | D24: ='Ozbekiston Respublikasi'!C13/'Ozbekiston Respublikasi'!C12-1 -> 0.22138633 | E24: ='Qoraqalpogiston Respublikasi'!C13/'Qoraqalpogiston Respublikasi'!C12-1 -> 0.17451007 | F24: ='Andijon Viloyati'!C13/'Andijon Viloyati'!C12-1 -> 0.1523746 | G24: ='Buxoro Viloyati'!C13/'Buxoro Viloyati'!C12-1 -> 0.21863053 | H24: ='Jizzah Viloyati'!C13/'Jizzah Viloyati'!C12-1 -> 0.26193488 | I24: ='Qashqadaryo Viloyati'!C13/'Qashqadaryo Viloyati'!C12-1 -> 0.20999513 | J24: ='Navoiy Viloyati'!C13/'Navoiy Viloyati'!C12-1 -> 0.14646656 | K24: ='Namangan Viloyati'!C13/'Namangan Viloyati'!C12-1 -> 0.22899345 | L24: ='Samarqand Viloyati'!C13/'Samarqand Viloyati'!C12-1 -> 0.24102313 | M24: ='Surxandaryo Viloyati'!C13/'Surxandaryo Viloyati'!C12-1 -> 0.21590336 | N24: ='Sirdaryo Viloyati'!C13/'Sirdaryo Viloyati'!C12-1 -> 0.17997111 | O24: ='Toshkent Viloyati '!C13/'Toshkent Viloyati '!C12-1 -> 0.26756296 | P24: ='Fargona Viloyati'!C13/'Fargona Viloyati'!C12-1 -> 0.27935014 | Q24: ='Xorazm Viloyati'!C13/'Xorazm Viloyati'!C12-1 -> 0.25291569 | R24: ='Toshkent shahri'!C13/'Toshkent shahri'!C12-1 -> 0.29616212
C25: 2022 | D25: ='Ozbekiston Respublikasi'!C14/'Ozbekiston Respublikasi'!C13-1 -> 0.20983898 | E25: ='Qoraqalpogiston Respublikasi'!C14/'Qoraqalpogiston Respublikasi'!C13-1 -> 0.19447385 | F25: ='Andijon Viloyati'!C14/'Andijon Viloyati'!C13-1 -> 0.28368489 | G25: ='Buxoro Viloyati'!C14/'Buxoro Viloyati'!C13-1 -> 0.20360893 | H25: ='Jizzah Viloyati'!C14/'Jizzah Viloyati'!C13-1 -> 0.18739417 | I25: ='Qashqadaryo Viloyati'!C14/'Qashqadaryo Viloyati'!C13-1 -> 0.16883576 | J25: ='Navoiy Viloyati'!C14/'Navoiy Viloyati'!C13-1 -> 0.13744502 | K25: ='Namangan Viloyati'!C14/'Namangan Viloyati'!C13-1 -> 0.20656957 | L25: ='Samarqand Viloyati'!C14/'Samarqand Viloyati'!C13-1 -> 0.16421615 | M25: ='Surxandaryo Viloyati'!C14/'Surxandaryo Viloyati'!C13-1 -> 0.17569558 | N25: ='Sirdaryo Viloyati'!C14/'Sirdaryo Viloyati'!C13-1 -> 0.19796515 | O25: ='Toshkent Viloyati '!C14/'Toshkent Viloyati '!C13-1 -> 0.11462395 | P25: ='Fargona Viloyati'!C14/'Fargona Viloyati'!C13-1 -> 0.17059461 | Q25: ='Xorazm Viloyati'!C14/'Xorazm Viloyati'!C13-1 -> 0.25948886 | R25: ='Toshkent shahri'!C14/'Toshkent shahri'!C13-1 -> 0.23876587
... C27: 2024 | D27: ='Ozbekiston Respublikasi'!C16/'Ozbekiston Respublikasi'!C15-1 -> 0.21685267 | E27: ='Qoraqalpogiston Respublikasi'!C16/'Qoraqalpogiston Respublikasi'!C15-1 -> 0.13465441 | F27: ='Andijon Viloyati'!C16/'Andijon Viloyati'!C15-1 -> 0.15794368 | G27: ='Buxoro Viloyati'!C16/'Buxoro Viloyati'!C15-1 -> 0.15293107 | H27: ='Jizzah Viloyati'!C16/'Jizzah Viloyati'!C15-1 -> 0.12900081 | I27: ='Qashqadaryo Viloyati'!C16/'Qashqadaryo Viloyati'!C15-1 -> 0.17535877 | J27: ='Navoiy Viloyati'!C16/'Navoiy Viloyati'!C15-1 -> 0.39281805 | K27: ='Namangan Viloyati'!C16/'Namangan Viloyati'!C15-1 -> 0.17673709 | L27: ='Samarqand Viloyati'!C16/'Samarqand Viloyati'!C15-1 -> 0.2035538 | M27: ='Surxandaryo Viloyati'!C16/'Surxandaryo Viloyati'!C15-1 -> 0.14926162 | N27: ='Sirdaryo Viloyati'!C16/'Sirdaryo Viloyati'!C15-1 -> 0.15207253 | O27: ='Toshkent Viloyati '!C16/'Toshkent Viloyati '!C15-1 -> 0.21891639 | P27: ='Fargona Viloyati'!C16/'Fargona Viloyati'!C15-1 -> 0.14750415 | Q27: ='Xorazm Viloyati'!C16/'Xorazm Viloyati'!C15-1 -> 0.18257618 | R27: ='Toshkent shahri'!C16/'Toshkent shahri'!C15-1 -> 0.35864979
C28: 15 yillik o'sish | D28: ='Ozbekiston Respublikasi'!C16/'Ozbekiston Respublikasi'!C2-1 -> 16.427811 | E28: ='Qoraqalpogiston Respublikasi'!C16/'Qoraqalpogiston Respublikasi'!C2-1 -> 16.778896 | F28: ='Andijon Viloyati'!C16/'Andijon Viloyati'!C2-1 -> 17.389005 | G28: ='Buxoro Viloyati'!C16/'Buxoro Viloyati'!C2-1 -> 13.310176 | H28: ='Jizzah Viloyati'!C16/'Jizzah Viloyati'!C2-1 -> 16.847412 | I28: ='Qashqadaryo Viloyati'!C16/'Qashqadaryo Viloyati'!C2-1 -> 10.006516 | J28: ='Navoiy Viloyati'!C16/'Navoiy Viloyati'!C2-1 -> 27.475888 | K28: ='Namangan Viloyati'!C16/'Namangan Viloyati'!C2-1 -> 17.10989 | L28: ='Samarqand Viloyati'!C16/'Samarqand Viloyati'!C2-1 -> 13.542473 | M28: ='Surxandaryo Viloyati'!C16/'Surxandaryo Viloyati'!C2-1 -> 13.873994 | N28: ='Sirdaryo Viloyati'!C16/'Sirdaryo Viloyati'!C2-1 -> 14.431903 | O28: ='Toshkent Viloyati '!C16/'Toshkent Viloyati '!C2-1 -> 17.119847 | P28: ='Fargona Viloyati'!C16/'Fargona Viloyati'!C2-1 -> 14.073624 | Q28: ='Xorazm Viloyati'!C16/'Xorazm Viloyati'!C2-1 -> 15.77823 | R28: ='Toshkent shahri'!C16/'Toshkent shahri'!C2-1 -> 24.529636
C49: 2. O'ZBEKISTON RESPUBLIKASINING DEMOGRAFIK KO'RSATGICHLARINING O'SISH SURATI
C53: Yillar | D53: O'zbekiston | E53: Qoraqalpog'iston | F53: Andijon | G53: Buxoro | H53: Jizzax | I53: Qashqadaryo | J53: Navoiy | K53: Namangan | L53: Samarqand | M53: Surxondaryo | N53: Sirdaryo | O53: Toshkent vil | P53: Farg'ona | Q53: Xorazm | R53: Toshkent sh
C54: 2011 | D54: ='Ozbekiston Respublikasi'!O3/'Ozbekiston Respublikasi'!O2-1 -> 0.040069425 | E54: ='Qoraqalpogiston Respublikasi'!O3/'Qoraqalpogiston Respublikasi'!O2-1 -> 0.029963235 | F54: ='Andijon Viloyati'!O3/'Andijon Viloyati'!O2-1 -> 0.048330783 | G54: ='Buxoro Viloyati'!O3/'Buxoro Viloyati'!O2-1 -> 0.044217054 | H54: ='Jizzah Viloyati'!O3/'Jizzah Viloyati'!O2-1 -> 0.044681232 | I54: ='Qashqadaryo Viloyati'!O3/'Qashqadaryo Viloyati'!O2-1 -> 0.040824128 | J54: ='Navoiy Viloyati'!P3/'Navoiy Viloyati'!P2-1 -> 0.025129169 | K54: ='Namangan Viloyati'!O3/'Namangan Viloyati'!O2-1 -> 0.053575382 | L54: ='Samarqand Viloyati'!O3/'Samarqand Viloyati'!O2-1 -> 0.048669445 | M54: ='Surxandaryo Viloyati'!O3/'Surxandaryo Viloyati'!O2-1 -> 0.048240964 | N54: ='Sirdaryo Viloyati'!O3/'Sirdaryo Viloyati'!O2-1 -> 0.017917133 | O54: ='Toshkent Viloyati '!O3/'Toshkent Viloyati '!O2-1 -> 0.022622685 | P54: ='Fargona Viloyati'!O3/'Fargona Viloyati'!O2-1 -> 0.050282964 | Q54: ='Xorazm Viloyati'!O3/'Xorazm Viloyati'!O2-1 -> 0.02529457 | R54: ='Toshkent shahri'!O3/'Toshkent shahri'!O2-1 -> 0.027838697
C55: 2012 | D55: ='Ozbekiston Respublikasi'!O4/'Ozbekiston Respublikasi'!O3-1 -> 0.014833433 | E55: ='Qoraqalpogiston Respublikasi'!O4/'Qoraqalpogiston Respublikasi'!O3-1 -> 0.0070795407 | F55: ='Andijon Viloyati'!O4/'Andijon Viloyati'!O3-1 -> 0.015679377 | G55: ='Buxoro Viloyati'!O4/'Buxoro Viloyati'!O3-1 -> 0.014015916 | H55: ='Jizzah Viloyati'!O4/'Jizzah Viloyati'!O3-1 -> 0.017056656 | I55: ='Qashqadaryo Viloyati'!O4/'Qashqadaryo Viloyati'!O3-1 -> 0.020162327 | J55: ='Navoiy Viloyati'!P4/'Navoiy Viloyati'!P3-1 -> 0.0093928981 | K55: ='Namangan Viloyati'!O4/'Namangan Viloyati'!O3-1 -> 0.017272536 | L55: ='Samarqand Viloyati'!O4/'Samarqand Viloyati'!O3-1 -> 0.016937752 | M55: ='Surxandaryo Viloyati'!O4/'Surxandaryo Viloyati'!O3-1 -> 0.020137005 | N55: ='Sirdaryo Viloyati'!O4/'Sirdaryo Viloyati'!O3-1 -> 0.016914191 | O55: ='Toshkent Viloyati '!O4/'Toshkent Viloyati '!O3-1 -> 0.010058993 | P55: ='Fargona Viloyati'!O4/'Fargona Viloyati'!O3-1 -> 0.01597919 | Q55: ='Xorazm Viloyati'!O4/'Xorazm Viloyati'!O3-1 -> 0.017487977 | R55: ='Toshkent shahri'!O4/'Toshkent shahri'!O3-1 -> 0.0055736991
C56: 2013 | D56: ='Ozbekiston Respublikasi'!O5/'Ozbekiston Respublikasi'!O4-1 -> 0.01482301 | E56: ='Qoraqalpogiston Respublikasi'!O5/'Qoraqalpogiston Respublikasi'!O4-1 -> 0.011224008 | F56: ='Andijon Viloyati'!O5/'Andijon Viloyati'!O4-1 -> 0.015547859 | G56: ='Buxoro Viloyati'!O5/'Buxoro Viloyati'!O4-1 -> 0.013060794 | H56: ='Jizzah Viloyati'!O5/'Jizzah Viloyati'!O4-1 -> 0.015506489 | I56: ='Qashqadaryo Viloyati'!O5/'Qashqadaryo Viloyati'!O4-1 -> 0.019259846 | J56: ='Navoiy Viloyati'!P5/'Navoiy Viloyati'!P4-1 -> 0.0081706764 | K56: ='Namangan Viloyati'!O5/'Namangan Viloyati'!O4-1 -> 0.015739899 | L56: ='Samarqand Viloyati'!O5/'Samarqand Viloyati'!O4-1 -> 0.016445193 | M56: ='Surxandaryo Viloyati'!O5/'Surxandaryo Viloyati'!O4-1 -> 0.018793096 | N56: ='Sirdaryo Viloyati'!O5/'Sirdaryo Viloyati'!O4-1 -> 0.015010142 | O56: ='Toshkent Viloyati '!O5/'Toshkent Viloyati '!O4-1 -> 0.0092474729 | P56: ='Fargona Viloyati'!O5/'Fargona Viloyati'!O4-1 -> 0.014904901 | Q56: ='Xorazm Viloyati'!O5/'Xorazm Viloyati'!O4-1 -> 0.015161746 | R56: ='Toshkent shahri'!O5/'Toshkent shahri'!O4-1 -> 0.0136838
C57: 2014 | D57: ='Ozbekiston Respublikasi'!O6/'Ozbekiston Respublikasi'!O5-1 -> 0.01664694 | E57: ='Qoraqalpogiston Respublikasi'!O6/'Qoraqalpogiston Respublikasi'!O5-1 -> 0.014429256 | F57: ='Andijon Viloyati'!O6/'Andijon Viloyati'!O5-1 -> 0.01781309 | G57: ='Buxoro Viloyati'!O6/'Buxoro Viloyati'!O5-1 -> 0.015436203 | H57: ='Jizzah Viloyati'!O6/'Jizzah Viloyati'!O5-1 -> 0.018091286 | I57: ='Qashqadaryo Viloyati'!O6/'Qashqadaryo Viloyati'!O5-1 -> 0.022604457 | J57: ='Navoiy Viloyati'!P6/'Navoiy Viloyati'!P5-1 -> 0.014295362 | K57: ='Namangan Viloyati'!O6/'Namangan Viloyati'!O5-1 -> 0.018465043 | L57: ='Samarqand Viloyati'!O6/'Samarqand Viloyati'!O5-1 -> 0.019136916 | M57: ='Surxandaryo Viloyati'!O6/'Surxandaryo Viloyati'!O5-1 -> 0.021100593 | N57: ='Sirdaryo Viloyati'!O6/'Sirdaryo Viloyati'!O5-1 -> 0.017585931 | O57: ='Toshkent Viloyati '!O6/'Toshkent Viloyati '!O5-1 -> 0.011203027 | P57: ='Fargona Viloyati'!O6/'Fargona Viloyati'!O5-1 -> 0.017058594 | Q57: ='Xorazm Viloyati'!O6/'Xorazm Viloyati'!O5-1 -> 0.018321442 | R57: ='Toshkent shahri'!O6/'Toshkent shahri'!O5-1 -> 0.0051262335
C58: 2015 | D58: ='Ozbekiston Respublikasi'!O7/'Ozbekiston Respublikasi'!O6-1 -> 0.017371314 | E58: ='Qoraqalpogiston Respublikasi'!O7/'Qoraqalpogiston Respublikasi'!O6-1 -> 0.015318169 | F58: ='Andijon Viloyati'!O7/'Andijon Viloyati'!O6-1 -> 0.018463732 | G58: ='Buxoro Viloyati'!O7/'Buxoro Viloyati'!O6-1 -> 0.016511045 | H58: ='Jizzah Viloyati'!O7/'Jizzah Viloyati'!O6-1 -> 0.018992501 | I58: ='Qashqadaryo Viloyati'!O7/'Qashqadaryo Viloyati'!O6-1 -> 0.021966636 | J58: ='Navoiy Viloyati'!P7/'Navoiy Viloyati'!P6-1 -> 0.013428032 | K58: ='Namangan Viloyati'!O7/'Namangan Viloyati'!O6-1 -> 0.020007188 | L58: ='Samarqand Viloyati'!O7/'Samarqand Viloyati'!O6-1 -> 0.020083585 | M58: ='Surxandaryo Viloyati'!O7/'Surxandaryo Viloyati'!O6-1 -> 0.021660963 | N58: ='Sirdaryo Viloyati'!O7/'Sirdaryo Viloyati'!O6-1 -> 0.017412935 | O58: ='Toshkent Viloyati '!O7/'Toshkent Viloyati '!O6-1 -> 0.011885983 | P58: ='Fargona Viloyati'!O7/'Fargona Viloyati'!O6-1 -> 0.017244943 | Q58: ='Xorazm Viloyati'!O7/'Xorazm Viloyati'!O6-1 -> 0.018704352 | R58: ='Toshkent shahri'!O7/'Toshkent shahri'!O6-1 -> 0.0078201369
C59: 2016 | D59: ='Ozbekiston Respublikasi'!O8/'Ozbekiston Respublikasi'!O7-1 -> 0.017819325 | E59: ='Qoraqalpogiston Respublikasi'!O8/'Qoraqalpogiston Respublikasi'!O7-1 -> 0.015881118 | F59: ='Andijon Viloyati'!O8/'Andijon Viloyati'!O7-1 -> 0.018618976 | G59: ='Buxoro Viloyati'!O8/'Buxoro Viloyati'!O7-1 -> 0.016690938 | H59: ='Jizzah Viloyati'!O8/'Jizzah Viloyati'!O7-1 -> 0.020798336 | I59: ='Qashqadaryo Viloyati'!O8/'Qashqadaryo Viloyati'!O7-1 -> 0.022542161 | J59: ='Navoiy Viloyati'!P8/'Navoiy Viloyati'!P7-1 -> 0.01609724 | K59: ='Namangan Viloyati'!O8/'Namangan Viloyati'!O7-1 -> 0.019262391 | L59: ='Samarqand Viloyati'!O8/'Samarqand Viloyati'!O7-1 -> 0.019659725 | M59: ='Surxandaryo Viloyati'!O8/'Surxandaryo Viloyati'!O7-1 -> 0.022558623 | N59: ='Sirdaryo Viloyati'!O8/'Sirdaryo Viloyati'!O7-1 -> 0.017372282 | O59: ='Toshkent Viloyati '!O8/'Toshkent Viloyati '!O7-1 -> 0.012979009 | P59: ='Fargona Viloyati'!O8/'Fargona Viloyati'!O7-1 -> 0.017533165 | Q59: ='Xorazm Viloyati'!O8/'Xorazm Viloyati'!O7-1 -> 0.018244346 | R59: ='Toshkent shahri'!O8/'Toshkent shahri'!O7-1 -> 0.0092354405
C60: 2017 | D60: ='Ozbekiston Respublikasi'!O9/'Ozbekiston Respublikasi'!O8-1 -> 0.017266661 | E60: ='Qoraqalpogiston Respublikasi'!O9/'Qoraqalpogiston Respublikasi'!O8-1 -> 0.014739546 | F60: ='Andijon Viloyati'!O9/'Andijon Viloyati'!O8-1 -> 0.017866346 | G60: ='Buxoro Viloyati'!O9/'Buxoro Viloyati'!O8-1 -> 0.015590569 | H60: ='Jizzah Viloyati'!O9/'Jizzah Viloyati'!O8-1 -> 0.019512577 | I60: ='Qashqadaryo Viloyati'!O9/'Qashqadaryo Viloyati'!O8-1 -> 0.020888419 | J60: ='Navoiy Viloyati'!P9/'Navoiy Viloyati'!P8-1 -> 0.016057765 | K60: ='Namangan Viloyati'!O9/'Namangan Viloyati'!O8-1 -> 0.018821541 | L60: ='Samarqand Viloyati'!O9/'Samarqand Viloyati'!O8-1 -> 0.018917939 | M60: ='Surxandaryo Viloyati'!O9/'Surxandaryo Viloyati'!O8-1 -> 0.021065727 | N60: ='Sirdaryo Viloyati'!O9/'Sirdaryo Viloyati'!O8-1 -> 0.015810777 | O60: ='Toshkent Viloyati '!O9/'Toshkent Viloyati '!O8-1 -> 0.012597974 | P60: ='Fargona Viloyati'!O9/'Fargona Viloyati'!O8-1 -> 0.016974296 | Q60: ='Xorazm Viloyati'!O9/'Xorazm Viloyati'!O8-1 -> 0.01705879 | R60: ='Toshkent shahri'!O9/'Toshkent shahri'!O8-1 -> 0.012911583
C61: 2018 | D61: ='Ozbekiston Respublikasi'!O10/'Ozbekiston Respublikasi'!O9-1 -> 0.016693389 | E61: ='Qoraqalpogiston Respublikasi'!O10/'Qoraqalpogiston Respublikasi'!O9-1 -> 0.013645117 | F61: ='Andijon Viloyati'!O10/'Andijon Viloyati'!O9-1 -> 0.016607595 | G61: ='Buxoro Viloyati'!O10/'Buxoro Viloyati'!O9-1 -> 0.01448332 | H61: ='Jizzah Viloyati'!O10/'Jizzah Viloyati'!O9-1 -> 0.018447348 | I61: ='Qashqadaryo Viloyati'!O10/'Qashqadaryo Viloyati'!O9-1 -> 0.019295519 | J61: ='Navoiy Viloyati'!P10/'Navoiy Viloyati'!P9-1 -> 0.016122189 | K61: ='Namangan Viloyati'!O10/'Namangan Viloyati'!O9-1 -> 0.017795204 | L61: ='Samarqand Viloyati'!O10/'Samarqand Viloyati'!O9-1 -> 0.018731002 | M61: ='Surxandaryo Viloyati'!O10/'Surxandaryo Viloyati'!O9-1 -> 0.021077854 | N61: ='Sirdaryo Viloyati'!O10/'Sirdaryo Viloyati'!O9-1 -> 0.015938239 | O61: ='Toshkent Viloyati '!O10/'Toshkent Viloyati '!O9-1 -> 0.011274874 | P61: ='Fargona Viloyati'!O10/'Fargona Viloyati'!O9-1 -> 0.015540844 | Q61: ='Xorazm Viloyati'!O10/'Xorazm Viloyati'!O9-1 -> 0.015928407 | R61: ='Toshkent shahri'!O10/'Toshkent shahri'!O9-1 -> 0.016830989
C62: 2019 | D62: ='Ozbekiston Respublikasi'!O11/'Ozbekiston Respublikasi'!O10-1 -> 0.018336207 | E62: ='Qoraqalpogiston Respublikasi'!O11/'Qoraqalpogiston Respublikasi'!O10-1 -> 0.014926993 | F62: ='Andijon Viloyati'!O11/'Andijon Viloyati'!O10-1 -> 0.018328519 | G62: ='Buxoro Viloyati'!O11/'Buxoro Viloyati'!O10-1 -> 0.013153673 | H62: ='Jizzah Viloyati'!O11/'Jizzah Viloyati'!O10-1 -> 0.020679245 | I62: ='Qashqadaryo Viloyati'!O11/'Qashqadaryo Viloyati'!O10-1 -> 0.020550121 | J62: ='Navoiy Viloyati'!P11/'Navoiy Viloyati'!P10-1 -> 0.022442589 | K62: ='Namangan Viloyati'!O11/'Namangan Viloyati'!O10-1 -> 0.019743666 | L62: ='Samarqand Viloyati'!O11/'Samarqand Viloyati'!O10-1 -> 0.021182226 | M62: ='Surxandaryo Viloyati'!O11/'Surxandaryo Viloyati'!O10-1 -> 0.022154164 | N62: ='Sirdaryo Viloyati'!O11/'Sirdaryo Viloyati'!O10-1 -> 0.017158966 | O62: ='Toshkent Viloyati '!O11/'Toshkent Viloyati '!O10-1 -> 0.013036488 | P62: ='Fargona Viloyati'!O11/'Fargona Viloyati'!O10-1 -> 0.017429976 | Q62: ='Xorazm Viloyati'!O11/'Xorazm Viloyati'!O10-1 -> 0.01700831 | R62: ='Toshkent shahri'!O11/'Toshkent shahri'!O10-1 -> 0.018256319
C63: 2020 | D63: ='Ozbekiston Respublikasi'!O12/'Ozbekiston Respublikasi'!O11-1 -> 0.019536618 | E63: ='Qoraqalpogiston Respublikasi'!O12/'Qoraqalpogiston Respublikasi'!O11-1 -> 0.015242272 | F63: ='Andijon Viloyati'!O12/'Andijon Viloyati'!O11-1 -> 0.019824579 | G63: ='Buxoro Viloyati'!O12/'Buxoro Viloyati'!O11-1 -> 0.015357821 | H63: ='Jizzah Viloyati'!O12/'Jizzah Viloyati'!O11-1 -> 0.021960958 | I63: ='Qashqadaryo Viloyati'!O12/'Qashqadaryo Viloyati'!O11-1 -> 0.020945504 | J63: ='Navoiy Viloyati'!P12/'Navoiy Viloyati'!P11-1 -> 0.017968351 | K63: ='Namangan Viloyati'!O12/'Namangan Viloyati'!O11-1 -> 0.021032366 | L63: ='Samarqand Viloyati'!O12/'Samarqand Viloyati'!O11-1 -> 0.020663876 | M63: ='Surxandaryo Viloyati'!O12/'Surxandaryo Viloyati'!O11-1 -> 0.023035916 | N63: ='Sirdaryo Viloyati'!O12/'Sirdaryo Viloyati'!O11-1 -> 0.019761417 | O63: ='Toshkent Viloyati '!O12/'Toshkent Viloyati '!O11-1 -> 0.014973262 | P63: ='Fargona Viloyati'!O12/'Fargona Viloyati'!O11-1 -> 0.018651753 | Q63: ='Xorazm Viloyati'!O12/'Xorazm Viloyati'!O11-1 -> 0.016778341 | R63: ='Toshkent shahri'!O12/'Toshkent shahri'!O11-1 -> 0.024622495
C64: 2021 | D64: ='Ozbekiston Respublikasi'!O13/'Ozbekiston Respublikasi'!O12-1 -> 0.019280228 | E64: ='Qoraqalpogiston Respublikasi'!O13/'Qoraqalpogiston Respublikasi'!O12-1 -> 0.013380393 | F64: ='Andijon Viloyati'!O13/'Andijon Viloyati'!O12-1 -> 0.019311315 | G64: ='Buxoro Viloyati'!O13/'Buxoro Viloyati'!O12-1 -> 0.012058839 | H64: ='Jizzah Viloyati'!O13/'Jizzah Viloyati'!O12-1 -> 0.020548441 | I64: ='Qashqadaryo Viloyati'!O13/'Qashqadaryo Viloyati'!O12-1 -> 0.016766248 | J64: ='Navoiy Viloyati'!P13/'Navoiy Viloyati'!P12-1 -> 0.016547989 | K64: ='Namangan Viloyati'!O13/'Namangan Viloyati'!O12-1 -> 0.020172193 | L64: ='Samarqand Viloyati'!O13/'Samarqand Viloyati'!O12-1 -> 0.018130706 | M64: ='Surxandaryo Viloyati'!O13/'Surxandaryo Viloyati'!O12-1 -> 0.019664524 | N64: ='Sirdaryo Viloyati'!O13/'Sirdaryo Viloyati'!O12-1 -> 0.017251566 | O64: ='Toshkent Viloyati '!O13/'Toshkent Viloyati '!O12-1 -> 0.011557157 | P64: ='Fargona Viloyati'!O13/'Fargona Viloyati'!O12-1 -> 0.018123667 | Q64: ='Xorazm Viloyati'!O13/'Xorazm Viloyati'!O12-1 -> 0.014358425 | R64: ='Toshkent shahri'!O13/'Toshkent shahri'!O12-1 -> 0.04771163
C65: 2022 | D65: ='Ozbekiston Respublikasi'!O14/'Ozbekiston Respublikasi'!O13-1 -> 0.020614082 | E65: ='Qoraqalpogiston Respublikasi'!O14/'Qoraqalpogiston Respublikasi'!O13-1 -> 0.012891823 | F65: ='Andijon Viloyati'!O14/'Andijon Viloyati'!O13-1 -> 0.020513786 | G65: ='Buxoro Viloyati'!O14/'Buxoro Viloyati'!O13-1 -> 0.015253454 | H65: ='Jizzah Viloyati'!O14/'Jizzah Viloyati'!O13-1 -> 0.023325062 | I65: ='Qashqadaryo Viloyati'!O14/'Qashqadaryo Viloyati'!O13-1 -> 0.021856449 | J65: ='Navoiy Viloyati'!P14/'Navoiy Viloyati'!P13-1 -> 0.020027624 | K65: ='Namangan Viloyati'!O14/'Namangan Viloyati'!O13-1 -> 0.022179599 | L65: ='Samarqand Viloyati'!O14/'Samarqand Viloyati'!O13-1 -> 0.021176888 | M65: ='Surxandaryo Viloyati'!O14/'Surxandaryo Viloyati'!O13-1 -> 0.023276634 | N65: ='Sirdaryo Viloyati'!O14/'Sirdaryo Viloyati'!O13-1 -> 0.020559879 | O65: ='Toshkent Viloyati '!O14/'Toshkent Viloyati '!O13-1 -> -0.011559528 | P65: ='Fargona Viloyati'!O14/'Fargona Viloyati'!O13-1 -> 0.02 | Q65: ='Xorazm Viloyati'!O14/'Xorazm Viloyati'!O13-1 -> 0.01632071 | R65: ='Toshkent shahri'!O14/'Toshkent shahri'!O13-1 -> 0.061683492
... C67: 2024 | D67: ='Ozbekiston Respublikasi'!O16/'Ozbekiston Respublikasi'!O15-1 -> 0.021510122 | E67: ='Qoraqalpogiston Respublikasi'!O16/'Qoraqalpogiston Respublikasi'!O15-1 -> 0.013409574 | F67: ='Andijon Viloyati'!O16/'Andijon Viloyati'!O15-1 -> 0.021578836 | G67: ='Buxoro Viloyati'!O16/'Buxoro Viloyati'!O15-1 -> 0.017067224 | H67: ='Jizzah Viloyati'!O16/'Jizzah Viloyati'!O15-1 -> 0.02161979 | I67: ='Qashqadaryo Viloyati'!O16/'Qashqadaryo Viloyati'!O15-1 -> 0.022485139 | J67: ='Navoiy Viloyati'!P16/'Navoiy Viloyati'!P15-1 -> 0.018758882 | K67: ='Namangan Viloyati'!O16/'Namangan Viloyati'!O15-1 -> 0.022885738 | L67: ='Samarqand Viloyati'!O16/'Samarqand Viloyati'!O15-1 -> 0.021927056 | M67: ='Surxandaryo Viloyati'!O16/'Surxandaryo Viloyati'!O15-1 -> 0.025155888 | N67: ='Sirdaryo Viloyati'!O16/'Sirdaryo Viloyati'!O15-1 -> 0.019406647 | O67: ='Toshkent Viloyati '!O16/'Toshkent Viloyati '!O15-1 -> 0.019509588 | P67: ='Fargona Viloyati'!O16/'Fargona Viloyati'!O15-1 -> 0.021426955 | Q67: ='Xorazm Viloyati'!O16/'Xorazm Viloyati'!O15-1 -> 0.019151218 | R67: ='Toshkent shahri'!O16/'Toshkent shahri'!O15-1 -> 0.028548234
C68: 15 yillik o'sish | D68: ='Ozbekiston Respublikasi'!O16/'Ozbekiston Respublikasi'!O2-1 -> 0.31421286 | E68: ='Qoraqalpogiston Respublikasi'!O16/'Qoraqalpogiston Respublikasi'!O2-1 -> 0.22714461 | F68: ='Andijon Viloyati'!O16/'Andijon Viloyati'!O2-1 -> 0.33160723 | G68: ='Buxoro Viloyati'!O16/'Buxoro Viloyati'!O2-1 -> 0.2675969 | H68: ='Jizzah Viloyati'!O16/'Jizzah Viloyati'!O2-1 -> 0.34974928 | I68: ='Qashqadaryo Viloyati'!O16/'Qashqadaryo Viloyati'!O2-1 -> 0.3610336 | J68: ='Navoiy Viloyati'!P16/'Navoiy Viloyati'!P2-1 -> 0.26268201 | K68: ='Namangan Viloyati'!O16/'Namangan Viloyati'!O2-1 -> 0.35758247 | L68: ='Samarqand Viloyati'!O16/'Samarqand Viloyati'!O2-1 -> 0.34931068 | M68: ='Surxandaryo Viloyati'!O16/'Surxandaryo Viloyati'!O2-1 -> 0.38655422 | N68: ='Sirdaryo Viloyati'!O16/'Sirdaryo Viloyati'!O2-1 -> 0.2793953 | O68: ='Toshkent Viloyati '!O16/'Toshkent Viloyati '!O2-1 -> 0.18016938 | P68: ='Fargona Viloyati'!O16/'Fargona Viloyati'!O2-1 -> 0.32098484 | Q68: ='Xorazm Viloyati'!O16/'Xorazm Viloyati'!O2-1 -> 0.27792008 | R68: ='Toshkent shahri'!O16/'Toshkent shahri'!O2-1 -> 0.36096317
C92: 3

Sheet Ozbekiston Respublikasi
A1: Zip Code | B1: Years | C1: Yalpi ichki (hududiy) mahsulot hajmi (yillik) | D1: Asosiy kapitalga investitsiyalar hajmi (yillik) | E1: Aholi jon boshiga asosiy kapitalga investitsiyalar hajmi (yillik) | F1: Qurilish ishlari hajmi (yillik) | G1: Tashqi savdo aylanmasi hajmi (yillik) | H1: Ulgurji savdo hajmi (yillik) | I1: Chakana savdo hajmi (yillik) | J1: Elektr energiyasi ishlab chiqarish hajmi | K1: Sanoat mahsulotlari ishlab chiqarish hajmi (yillik) | L1: Iste’mol tovarlari ishlab chiqarish hajmi (yillik) | M1: Qishloq xo‘jaligi mahsulotlari umumiy hajmi (yillik) | N1: Atmosferaga chiqarilgan ifloslantiruvchi moddalar | O1: Doimiy aholi soni (1000 birlikda) | P1: Tug‘ilganlar soni (jami) | Q1: Tug‘ilganlar soni (qiz bolalar) | R1: Tug‘ilganlar soni (o‘g‘il bolalar) | S1: Vafot etganlar soni (jami) | T1: Mehnat resurslari soni (1000 birlikda) | U1: Iqtisodiy faol aholi soni (1000 birlikda) | V1: Iqtisodiy nofaol aholi soni (1000 birlikda) | W1: Iqtisodiyotda bandlar soni (ming kishi) | X1: Bandlik darajasi (Foiz %) | Y1: Ishsizlar soni (ming kishi) | Z1: Aholi jon boshiga umumiy daromadlar hajmi (hududlar kesimida) (ming so'm) | AA1: Faoliyat ko‘rsatayotgan korxona va tashkilotlar soni (yillik) (birlik) | AB1: Ro‘yxatga olingan jinoyatlar soni (hududlar bo‘yicha) (birlik)
B2: 31/12/2010 | C2: 88102.4 | D2: 16463.7 | E2: 583.2 | F2: 8245.8 | G2: 22199.2 | H2: 11774100 | I2: 21872.8 | J2: 51976.3 | K2: 38119 | L2: 13683.8 | M2: 30856.7 | N2: 729 | O2: 28001.4 | P2: 634810 | Q2: 305902 | R2: 328908 | S2: 138411 | T2: 16726 | U2: 12286.6 | V2: 4439.4 | W2: 11628.4 | X2: 66.9 | Y2: 658.2 | Z2: 2192.8 | AA2: 200951 | AB2: 90050
B3: 31/12/2011 | C3: 115627.8 | D3: 19500 | E3: 664.6 | F3: 9504.8 | G3: 26365.9 | H3: 15476700 | I3: 28539 | J3: 52806.2 | K3: 47587.1 | L3: 18336.4 | M3: 45285.9 | N3: 788.2 | O3: 29123.4 | P3: 622835 | Q3: 299395 | R3: 323440 | S3: 143253 | T3: 17286.4 | U3: 12541.5 | V3: 4744.9 | W3: 11919.1 | X3: 66.2 | Y3: 622.4 | Z3: 2928.9 | AA3: 214084 | AB3: 90617
B4: 31/12/2012 | C4: 142333 | D4: 24455.3 | E4: 821.4 | F4: 11753.9 | G4: 26416.1 | H4: 18018800 | I4: 36946.4 | J4: 52999.6 | K4: 57552.5 | L4: 21527.8 | M4: 55750 | N4: 817.6 | O4: 29555.4 | P4: 625106 | Q4: 300408 | R4: 324698 | S4: 145988 | T4: 17564.3 | U4: 12850.1 | V4: 4714.2 | W4: 12223.8 | X4: 66.6 | Y4: 626.3 | Z4: 3501.8 | AA4: 228736 | AB4: 90660
B5: 31/12/2013 | C5: 173201.5 | D5: 30490.1 | E5: 1008.2 | F5: 15219.3 | G5: 28269.6 | H5: 22001677 | I5: 46863 | J5: 54618.6 | K5: 70634.8 | L5: 28614.1 | M5: 66435.3 | N5: 855.2 | O5: 29993.5 | P5: 679519 | Q5: 326535 | R5: 352984 | S5: 145672 | T5: 17814.1 | U5: 13163 | V5: 4651.1 | W5: 12523.3 | X5: 67.1 | Y5: 639.7 | Z5: 4175.1 | AA5: 229177 | AB5: 90152
B6: 31/12/2014 | C6: 210998.3 | D6: 37646.2 | E6: 1224 | F6: 20060.4 | G6: 27530.1 | H6: 25512624 | I6: 58136.6 | J6: 55765.6 | K6: 84011.6 | L6: 33868.5 | M6: 81794.3 | N6: 1162.1 | O6: 30492.8 | P6: 718036 | Q6: 344759 | R6: 373277 | S6: 149761 | T6: 18048 | U6: 13505.4 | V6: 4542.6 | W6: 12818.4 | X6: 67.7 | Y6: 687 | Z6: 4759.6 | AA6: 241201 | AB6: 89360
B7: 31/12/2015 | C7: 250544.6 | D7: 44810.4 | E7: 1431.7 | F7: 25423.1 | G7: 24924.3 | H7: 29156202 | I7: 71184.1 | J7: 57658.1 | K7: 97598.2 | L7: 42085.5 | M7: 99604.6 | N7: 975.1 | O7: 31022.5 | P7: 734141 | Q7: 351475 | R7: 382666 | S7: 152035 | T7: 18276.1 | U7: 13767.7 | V7: 4508.4 | W7: 13058.3 | X7: 68.2 | Y7: 709.4 | Z7: 5410.6 | AA7: 246687 | AB7: 87946
B8: 31/12/2016 | C8: 290213.4 | D8: 51232 | E8: 1608.6 | F8: 29413.9 | G8: 24232.2 | H8: 35396463 | I8: 88071.6 | J8: 59100.5 | K8: 111869.4 | L8: 48253.8 | M8: 115599.2 | N8: 1008.2 | O8: 31575.3 | P8: 726170 | Q8: 348453 | R8: 377717 | S8: 154791 | T8: 18488.9 | U8: 14022.4 | V8: 4466.5 | W8: 13298.4 | X8: 68.7 | Y8: 724 | Z8: 6215.9 | AA8: 257758 | AB8: 87412
B9: 31/12/2017 | C9: 369612.8 | D9: 72155.2 | E9: 2227.8 | F9: 34698 | G9: 26566.1 | H9: 38799693 | I9: 105229.9 | J9: 60820.1 | K9: 148816 | L9: 59690.4 | M9: 148199.3 | N9: 853.5 | O9: 32120.5 | P9: 715519 | Q9: 343105 | R9: 372414 | S9: 160723 | T9: 18666.3 | U9: 14357.3 | V9: 4309 | W9: 13520.3 | X9: 69.2 | Y9: 837 | Z9: 7698.6 | AA9: 268428 | AB9: 73692
B10: 31/12/2018 | C10: 494814.8 | D10: 124231.3 | E10: 3769.6 | F10: 51129.3 | G10: 33430 | H10: 57481980 | I10: 133195.2 | J10: 62896.6 | K10: 235340.7 | L10: 83512.6 | M10: 187425.6 | N10: 883.7 | O10: 32656.7 | P10: 768520 | Q10: 365216 | R10: 403304 | S10: 154913 | T10: 18829.6 | U10: 14641.7 | V10: 4187.9 | W10: 13273.1 | X10: 67.4 | Y10: 1368.6 | Z10: 9517.4 | AA10: 285531 | AB10: 49011
B11: 31/12/2019 | C11: 620083.2 | D11: 195927.3 | E11: 5834.6 | F11: 71156.5 | G11: 41751 | H11: 86538274 | I11: 166094.4 | J11: 63531.6 | K11: 322535.8 | L11: 110321 | M11: 216283.1 | N11: 952.8 | O11: 33255.5 | P11: 814960 | Q11: 391698 | R11: 423262 | S11: 154570 | T11: 18949 | U11: 14876.4 | V11: 4072.6 | W11: 13541.1 | X11: 68.1 | Y11: 1335.3 | Z11: 11357.5 | AA11: 323517 | AB11: 46089
B12: 31/12/2020 | C12: 705076.5 | D12: 210195.1 | E12: 6140.3 | F12: 88130.3 | G12: 36256.1 | H12: 129000000 | I12: 199518.8 | J12: 66500.7 | K12: 368740.2 | L12: 129348.6 | M12: 250250.6 | N12: 924.4 | O12: 33905.2 | P12: 841817 | Q12: 405466 | R12: 436351 | S12: 175625 | T12: 19158.2 | U12: 14797.4 | V12: 4360.8 | W12: 13236.4 | X12: 66 | Y12: 1561 | Z12: 12595.9 | AA12: 398133 | AB12: 62081
B13: 31/12/2021 | C13: 861170.8 | D13: 239552.6 | E13: 6861 | F13: 107492.7 | G13: 42170.5 | H13: 183000000 | I13: 252056.6 | J13: 71364.6 | K13: 456056.1 | L13: 155159.1 | M13: 303415.5 | N13: 908.7 | O13: 34558.9 | P13: 905211 | Q13: 436727 | R13: 468484 | S13: 174541 | T13: 19334.9 | U13: 14980.7 | V13: 4354.2 | W13: 13538.9 | X13: 67 | Y13: 1441.8 | Z13: 15421.7 | AA13: 475197 | AB13: 111082
B14: 31/12/2022 | C14: 1041878 | D14: 266240 | E14: 7468.6 | F14: 130790.9 | G14: 50500.3 | H14: 258000000 | I14: 270687.2 | J14: 74269.3 | K14: 553265 | L14: 145011.7 | M14: 345191.7 | N14: 873.6 | O14: 35271.3 | P14: 932217 | Q14: 449849 | R14: 482368 | S14: 172068 | T14: 19517.5 | U14: 15038.9 | V14: 4478.6 | W14: 13706.2 | X14: 67.2 | Y14: 1332.7 | Z14: 18373.9 | AA14: 528929 | AB14: 105215
B15: 31/12/2023 | C15: 1261806 | D15: 356071.4 | E15: 9778.8 | F15: 222935.8 | G15: 63528.6 | H15: 386000000 | I15: 330448.1 | J15: 78005.4 | K15: 658991.7 | M15: 405418 | N15: 763.2 | O15: 36024.9 | P15: 961962 | Q15: 463717 | R15: 498245 | S15: 172757 | T15: 19739.6 | U15: 15038.3 | V15: 4701.3 | W15: 14014.2 | X15: 67.9 | Y15: 1024.1 | Z15: 20764.5 | AA15: 592371 | AB15: 104096
B16: 31/12/2024 | C16: 1535432 | D16: 507490.2 | E16: 0 | F16: 259654.3 | G16: 67238.4 | H16: 457000000 | I16: 410068.1 | J16: 82739.7 | K16: 880198.5 | M16: 439948 | N16: 866.7 | O16: 36799.8 | P16: 926422 | Q16: 446870 | R16: 479552 | S16: 174413 | T16: 20085.2 | U16: 15097.9 | V16: 4987.3 | W16: 14261.9 | X16: 68.3 | Y16: 836 | Z16: 24111.9 | AA16: 485024 | AB16: 132298

Sheet Qoraqalpogiston Respublikasi
A1: Zip Code | B1: Years | C1: Yalpi ichki (hududiy) mahsulot hajmi (yillik) | D1: Asosiy kapitalga investitsiyalar hajmi (yillik) | E1: Aholi jon boshiga asosiy kapitalga investitsiyalar hajmi (yillik) | F1: Qurilish ishlari hajmi (yillik) | G1: Tashqi savdo aylanmasi hajmi (yillik) | H1: Ulgurji savdo hajmi (yillik) | I1: Chakana savdo hajmi (yillik) | J1: Elektr energiyasi ishlab chiqarish hajmi | K1: Sanoat mahsulotlari ishlab chiqarish hajmi (yillik) | L1: Iste’mol tovarlari ishlab chiqarish hajmi (yillik) | M1: Qishloq xo‘jaligi mahsulotlari umumiy hajmi (yillik) | N1: Atmosferaga chiqarilgan ifloslantiruvchi moddalar | O1: Doimiy aholi soni | P1: Tug‘ilganlar soni (jami) | Q1: Tug‘ilganlar soni (qiz bolalar) | R1: Tug‘ilganlar soni (o‘g‘il bolalar) | S1: Vafot etganlar soni (jami) | T1: Mehnat resurslari soni(ming kishi birlikda) | U1: Iqtisodiy faol aholi soni ming kishi | V1: Iqtisodiy nofaol aholi soni | W1: Iqtisodiyotda bandlar soni (ming kishi) | X1: Bandlik darajasi (Foiz %) | Y1: Ishsizlar soni (ming kishi) | Z1: Aholi jon boshiga umumiy daromadlar hajmi (hududlar kesimida) (ming so'm) | AA1: Faoliyat ko‘rsatayotgan korxona va tashkilotlar soni (yillik) (birlik) | AB1: Ro‘yxatga olingan jinoyatlar soni (hududlar bo‘yicha) (birlik)
A2: 230100 | B2: 31/12/2010 | C2: 2604.2 | D2: 496.4 | E2: 302.6 | F2: 237.1 | G2: 126.3 | H2: 292400 | I2: 711.3 | J2: 3100.2 | K2: 697.2 | L2: 250.7 | M2: 990.4 | N2: 29.2 | O2: 1632 | P2: 37942 | Q2: 18406 | R2: 19536 | S2: 8342 | T2: 945.5 | U2: 627.4 | V2: 318.1 | W2: 580.8 | X2: 57.3 | Y2: 46.6 | Z2: 1498.9 | AA2: 9835 | AB2: 3182
A3: 230100 | B3: 31/12/2011 | C3: 3385.3 | D3: 950.3 | E3: 563.3 | F3: 398.6 | G3: 158.3 | H3: 446300 | I3: 897.3 | J3: 3306.3 | K3: 897.8 | L3: 334.4 | M3: 1282.1 | N3: 23.5 | O3: 1680.9 | P3: 35840 | Q3: 17369 | R3: 18471 | S3: 8184 | T3: 973.8 | U3: 631.7 | V3: 342.1 | W3: 590 | X3: 57 | Y3: 41.7 | Z3: 1972.2 | AA3: 10370 | AB3: 3189
A4: 230100 | B4: 31/12/2012 | C4: 4236.2 | D4: 1242.1 | E4: 729.7 | F4: 537.2 | G4: 240.3 | H4: 474600 | I4: 1155.2 | J4: 3100.5 | K4: 1034.2 | L4: 391.4 | M4: 1812.2 | N4: 19.5 | O4: 1692.8 | P4: 38207 | Q4: 18474 | R4: 19733 | S4: 8208 | T4: 983.5 | U4: 641.5 | V4: 342 | W4: 600.2 | X4: 57.4 | Y4: 41.3 | Z4: 2414.4 | AA4: 11300 | AB4: 3425
A5: 230100 | B5: 31/12/2013 | C5: 5519.4 | D5: 2415 | E5: 1400.7 | F5: 720.8 | G5: 233.8 | H5: 463035 | I5: 1568.3 | J5: 3213.8 | K5: 1368.8 | L5: 579 | M5: 2071.4 | N5: 25.8 | O5: 1711.8 | P5: 39100 | Q5: 19004 | R5: 20096 | S5: 8134 | T5: 996.6 | U5: 650.8 | V5: 345.8 | W5: 610.5 | X5: 57.7 | Y5: 40.3 | Z5: 2856.6 | AA5: 11274 | AB5: 3164
A6: 230100 | B6: 31/12/2014 | C6: 6887.2 | D6: 3990.6 | E6: 2280.6 | F6: 1053.5 | G6: 316.9 | H6: 562131.2 | I6: 1977.8 | J6: 3466.6 | K6: 1717.2 | L6: 699.2 | M6: 2558.7 | N6: 26.7 | O6: 1736.5 | P6: 40883 | Q6: 19563 | R6: 21320 | S6: 8157 | T6: 1011.9 | U6: 656.7 | V6: 355.2 | W6: 621 | X6: 57.9 | Y6: 35.7 | Z6: 3317.1 | AA6: 11306 | AB6: 3107
A7: 230100 | B7: 31/12/2015 | C7: 8339.9 | D7: 6021.2 | E7: 3388.2 | F7: 1219.3 | G7: 286.1 | H7: 683698.5 | I7: 2397.7 | J7: 3451.3 | K7: 2387.6 | L7: 1051.1 | M7: 3332.2 | N7: 32.8 | O7: 1763.1 | P7: 41345 | Q7: 19958 | R7: 21387 | S7: 8094 | T7: 1026.6 | U7: 665.4 | V7: 361.2 | W7: 630 | X7: 58.1 | Y7: 35.4 | Z7: 3908 | AA7: 12234 | AB7: 3042
A8: 230100 | B8: 31/12/2016 | C8: 10524.5 | D8: 3778.3 | E8: 2094.1 | F8: 1171.8 | G8: 628.5 | H8: 709733 | I8: 2950.4 | J8: 3632.7 | K8: 4265.7 | L8: 1088.8 | M8: 3929.8 | N8: 30.6 | O8: 1791.1 | P8: 39427 | Q8: 18991 | R8: 20436 | S8: 8396 | T8: 1042.2 | U8: 675.1 | V8: 367.1 | W8: 638.6 | X8: 58.1 | Y8: 36.5 | Z8: 4372 | AA8: 12552 | AB8: 3456
A9: 230100 | B9: 31/12/2017 | C9: 13755.6 | D9: 2822 | E9: 1528.8 | F9: 1398.8 | G9: 641.1 | H9: 800620.6 | I9: 3527.8 | J9: 3446.1 | K9: 6773.3 | L9: 1209.2 | M9: 4801.3 | N9: 37.7 | O9: 1817.5 | P9: 37754 | Q9: 18367 | R9: 19387 | S9: 8661 | T9: 1054.6 | U9: 688.8 | V9: 365.8 | W9: 647.2 | X9: 58.3 | Y9: 41.6 | Z9: 5510.5 | AA9: 12946 | AB9: 2861
A10: 230100 | B10: 31/12/2018 | C10: 19372.3 | D10: 6757.8 | E10: 3641.1 | F10: 2182.7 | G10: 742 | H10: 1231805 | I10: 4496.8 | J10: 3855.9 | K10: 10911.9 | L10: 1815 | M10: 6562.9 | N10: 34 | O10: 1842.3 | P10: 40108 | Q10: 19627 | R10: 20481 | S10: 8602 | T10: 1064.8 | U10: 779.5 | V10: 285.3 | W10: 705.2 | X10: 62.9 | Y10: 74.3 | Z10: 7117.6 | AA10: 13742 | AB10: 1968
A11: 230100 | B11: 31/12/2019 | C11: 23896.7 | D11: 8750.6 | E11: 4644.4 | F11: 3315.4 | G11: 700 | H11: 1607347 | I11: 5705.8 | J11: 3786.1 | K11: 12736.1 | L11: 2377.6 | M11: 8208.1 | N11: 37.2 | O11: 1869.8 | P11: 41137 | Q11: 19892 | R11: 21245 | S11: 8461 | T11: 1063 | U11: 782.2 | V11: 280.8 | W11: 711.3 | X11: 62.9 | Y11: 70.9 | Z11: 8530.5 | AA11: 15590 | AB11: 1870
A12: 230100 | B12: 31/12/2020 | C12: 26136.6 | D12: 7089.8 | E12: 3710 | F12: 3992.5 | G12: 539 | H12: 2113942 | I12: 6861.8 | J12: 4392.4 | K12: 13981.3 | L12: 2804.2 | M12: 9751.6 | N12: 28.9 | O12: 1898.3 | P12: 39286 | Q12: 19064 | R12: 20222 | S12: 9164 | T12: 1074.7 | U12: 790 | V12: 284.7 | W12: 707.4 | X12: 62 | Y12: 82.6 | Z12: 9815.9 | AA12: 18404 | AB12: 2092
A13: 230100 | B13: 31/12/2021 | C13: 30697.7 | D13: 8110.7 | E13: 4189.2 | F13: 4480.6 | G13: 649.2 | H13: 2402092 | I13: 7582.5 | J13: 5233.9 | K13: 16630.4 | L13: 2945.6 | M13: 11511.8 | N13: 31.4 | O13: 1923.7 | P13: 40272 | Q13: 19338 | R13: 20934 | S13: 8756 | T13: 1066.1 | U13: 781.5 | V13: 284.6 | W13: 702.6 | X13: 61.1 | Y13: 78.9 | Z13: 11731.8 | AA13: 21968 | AB13: 3306
A14: 230100 | B14: 31/12/2022 | C14: 36667.6 | D14: 10254 | E14: 5225.5 | F14: 5272.4 | G14: 599.3 | H14: 3626827 | I14: 9557.9 | J14: 5373.9 | K14: 17624.7 | L14: 2393.3 | M14: 13348.2 | N14: 21.1 | O14: 1948.5 | P14: 42835 | Q14: 20807 | R14: 22028 | S14: 9585 | T14: 1067.6 | U14: 786.1 | V14: 281.5 | W14: 714.2 | X14: 61.6 | Y14: 71.9 | Z14: 13779.1 | AA14: 23721 | AB14: 3367
A15: 230100 | B15: 31/12/2023 | C15: 40805.2 | D15: 12959.2 | E15: 6514.1 | F15: 7995.6 | G15: 535.2 | H15: 5743073 | I15: 11392.6 | J15: 5152.1 | K15: 17791.1 | M15: 15212.1 | N15: 9.8 | O15: 1976.2 | P15: 44021 | Q15: 21267 | R15: 22754 | S15: 10092 | T15: 1072.6 | U15: 791.8 | V15: 280.8 | W15: 735.5 | X15: 62.9 | Y15: 56.3 | Z15: 15037.5 | AA15: 26692 | AB15: 3554
A16: 230100 | B16: 31/12/2024 | C16: 46299.8 | D16: 20567.7 | E16: 10201.22 | F16: 8505.9 | G16: 653 | H16: 6757340 | I16: 14263.8 | J16: 5079 | K16: 24323.5 | M16: 16339.7 | N16: 10.5 | O16: 2002.7 | P16: 41641 | Q16: 19969 | R16: 21672 | S16: 10184 | T16: 1098.6 | U16: 805.8 | V16: 292.8 | W16: 759.4 | X16: 64.3 | Y16: 46.4 | Z16: 16858 | AA16: 25928 | AB16: 4673

Sheet Andijon Viloyati
A1: Zip Code | B1: Years | C1: Yalpi ichki (hududiy) mahsulot hajmi (yillik) | D1: Asosiy kapitalga investitsiyalar hajmi (yillik) | E1: Aholi jon boshiga asosiy kapitalga investitsiyalar hajmi (yillik) | F1: Qurilish ishlari hajmi (yillik) | G1: Tashqi savdo aylanmasi hajmi (yillik) | H1: Ulgurji savdo hajmi (yillik) | I1: Chakana savdo hajmi (yillik) | J1: Elektr energiyasi ishlab chiqarish hajmi | K1: Sanoat mahsulotlari ishlab chiqarish hajmi (yillik) | L1: Iste’mol tovarlari ishlab chiqarish hajmi (yillik) | M1: Qishloq xo‘jaligi mahsulotlari umumiy hajmi (yillik) | N1: Atmosferaga chiqarilgan ifloslantiruvchi moddalar | O1: Doimiy aholi soni | P1: Tug‘ilganlar soni (jami) | Q1: Tug‘ilganlar soni (qiz bolalar) | R1: Tug‘ilganlar soni (o‘g‘il bolalar) | S1: Vafot etganlar soni (jami) | T1: Mehnat resurslari soni | U1: Iqtisodiy faol aholi soni | V1: Iqtisodiy nofaol aholi soni | W1: Iqtisodiyotda bandlar soni (ming kishi) | X1: Bandlik darajasi (Foiz %) | Y1: Ishsizlar soni (ming kishi) | Z1: Aholi jon boshiga umumiy daromadlar hajmi (hududlar kesimida) (ming so'm) | AA1: Faoliyat ko‘rsatayotgan korxona va tashkilotlar soni (yillik) (birlik) | AB1: Ro‘yxatga olingan jinoyatlar soni (hududlar bo‘yicha) (birlik)
A2: 170100 | B2: 31/12/2010 | C2: 5058.8 | D2: 726.2 | E2: 282.3 | F2: 345.3 | G2: 2097.6 | H2: 428100 | I2: 1704.2 | J2: 774 | K2: 4701.4 | L2: 3266.9 | M2: 2841.1 | N2: 8.7 | O2: 2549.1 | P2: 59953 | Q2: 28895 | R2: 31058 | S2: 12862 | T2: 1561.2 | U2: 1180.2 | V2: 381 | W2: 1112 | X2: 69.3 | Y2: 68.2 | Z2: 1838.1 | AA2: 18070 | AB2: 5716
A3: 170100 | B3: 31/12/2011 | C3: 6892.3 | D3: 1037.2 | E3: 385.1 | F3: 534.4 | G3: 2387.8 | H3: 727000 | I3: 2230.8 | J3: 751.8 | K3: 5727.3 | L3: 3887.6 | M3: 4264.9 | N3: 13.6 | O3: 2672.3 | P3: 56662 | Q3: 27156 | R3: 29506 | S3: 13933 | T3: 1597.4 | U3: 1209.3 | V3: 388.1 | W3: 1144.7 | X3: 68.6 | Y3: 64.6 | Z3: 2523.9 | AA3: 20041 | AB3: 5710
A4: 170100 | B4: 31/12/2012 | C4: 8487.3 | D4: 1379.9 | E4: 504.5 | F4: 672.9 | G4: 2899.7 | H4: 738100 | I4: 2835 | J4: 632 | K4: 6934.9 | L4: 4843 | M4: 5283.6 | N4: 12.2 | O4: 2714.2 | P4: 58277 | Q4: 28051 | R4: 30226 | S4: 14160 | T4: 1606.8 | U4: 1242.6 | V4: 364.2 | W4: 1176.3 | X4: 69 | Y4: 66.3 | Z4: 2945.8 | AA4: 21815 | AB4: 5683
A5: 170100 | B5: 31/12/2013 | C5: 11159.9 | D5: 1462.3 | E5: 525.8 | F5: 862.7 | G5: 2912 | H5: 831688.1 | I5: 3671.1 | J5: 569.8 | K5: 9278.6 | L5: 6717.3 | M5: 6575.4 | N5: 14.4 | O5: 2756.4 | P5: 64239 | Q5: 30857 | R5: 33382 | S5: 14188 | T5: 1641.7 | U5: 1279.2 | V5: 362.5 | W5: 1210.7 | X5: 69.9 | Y5: 68.5 | Z5: 3754.5 | AA5: 22606 | AB5: 5676
A6: 170100 | B6: 31/12/2014 | C6: 13331.4 | D6: 1645 | E6: 581 | F6: 1131.8 | G6: 2453.4 | H6: 993355.5 | I6: 4563.8 | J6: 438.5 | K6: 10463.2 | L6: 7329.6 | M6: 7992.4 | N6: 6.6 | O6: 2805.5 | P6: 67905 | Q6: 32689 | R6: 35216 | S6: 14519 | T6: 1667.9 | U6: 1318.7 | V6: 349.2 | W6: 1245 | X6: 70.8 | Y6: 73.7 | Z6: 4267.6 | AA6: 23991 | AB6: 5643
A7: 170100 | B7: 31/12/2015 | C7: 15705.4 | D7: 1956.5 | E7: 678.4 | F7: 1341.9 | G7: 1564.6 | H7: 1132757 | I7: 5564.3 | J7: 674.1 | K7: 9744.6 | L7: 7159.7 | M7: 9796.6 | N7: 18.5 | O7: 2857.3 | P7: 69562 | Q7: 33424 | R7: 36138 | S7: 14860 | T7: 1691.2 | U7: 1347.3 | V7: 343.9 | W7: 1271.7 | X7: 71.5 | Y7: 75.6 | Z7: 4835 | AA7: 24835 | AB7: 5640
A8: 170100 | B8: 31/12/2016 | C8: 18376.6 | D8: 2188.5 | E8: 745.3 | F8: 1578 | G8: 1102.7 | H8: 1149951 | I8: 6777.8 | J8: 647.9 | K8: 7965.7 | L8: 5313.5 | M8: 11873.4 | N8: 36.7 | O8: 2910.5 | P8: 68784 | Q8: 33025 | R8: 35759 | S8: 15084 | T8: 1709.1 | U8: 1375.2 | V8: 333.9 | W8: 1297.7 | X8: 72.3 | Y8: 77.5 | Z8: 5637.3 | AA8: 26048 | AB8: 5678
A9: 170100 | B9: 31/12/2017 | C9: 22904.2 | D9: 2986 | E9: 999.6 | F9: 1782.9 | G9: 1596.9 | H9: 1243051 | I9: 8124.9 | J9: 847.4 | K9: 13269.8 | L9: 9853.1 | M9: 15290.9 | N9: 15.8 | O9: 2962.5 | P9: 67368 | Q9: 32418 | R9: 34950 | S9: 16122 | T9: 1722.2 | U9: 1404.1 | V9: 318.1 | W9: 1319.2 | X9: 73 | Y9: 84.9 | Z9: 7149 | AA9: 26278 | AB9: 4507
A10: 170100 | B10: 31/12/2018 | C10: 31623.2 | D10: 4711.9 | E10: 1550.3 | F10: 2819.5 | G10: 2176.4 | H10: 2288336 | I10: 10367.9 | J10: 769.5 | K10: 27454.7 | L10: 21385.4 | M10: 19606.3 | N10: 15.9 | O10: 3011.7 | P10: 72387 | Q10: 32424 | R10: 39963 | S10: 15377 | T10: 1733.3 | U10: 1401.6 | V10: 331.7 | W10: 1266.8 | X10: 69.6 | Y10: 134.8 | Z10: 8785.8 | AA10: 24644 | AB10: 3494
A11: 170100 | B11: 31/12/2019 | C11: 39663.7 | D11: 7452.1 | E11: 2406 | F11: 3539.1 | G11: 2532.8 | H11: 2436754 | I11: 12704.3 | J11: 623.6 | K11: 33122.3 | L11: 26179.4 | M11: 23686.7 | N11: 14.3 | O11: 3066.9 | P11: 77603 | Q11: 37488 | R11: 40115 | S11: 14656 | T11: 1741.7 | U11: 1413.9 | V11: 327.8 | W11: 1284.5 | X11: 70.1 | Y11: 129.4 | Z11: 10390.4 | AA11: 27391 | AB11: 3361
A12: 170100 | B12: 31/12/2020 | C12: 44097.9 | D12: 9622.6 | E12: 3047.2 | F12: 4673 | G12: 2795.4 | H12: 3719178 | I12: 14810.1 | J12: 372.6 | K12: 36376.5 | L12: 27490.4 | M12: 26096.1 | N12: 11.5 | O12: 3127.7 | P12: 81425 | Q12: 39616 | R12: 41809 | S12: 15797 | T12: 1754.8 | U12: 1376.5 | V12: 378.3 | W12: 1225.9 | X12: 66.5 | Y12: 150.6 | Z12: 11237.6 | AA12: 30740 | AB12: 4618
A13: 170100 | B13: 31/12/2021 | C13: 50817.3 | D13: 11176.6 | E13: 3470.1 | F13: 5657.8 | G13: 3165.4 | H13: 4283897 | I13: 15376.3 | J13: 489.2 | K13: 35935.3 | L13: 25823.9 | M13: 30413 | N13: 4.9 | O13: 3188.1 | P13: 84664 | Q13: 41083 | R13: 43581 | S13: 16409 | T13: 1745.3 | U13: 1403.1 | V13: 342.2 | W13: 1264.3 | X13: 68.2 | Y13: 138.8 | Z13: 13449.7 | AA13: 36726 | AB13: 6930
A14: 170100 | B14: 31/12/2022 | C14: 65233.4 | D14: 14339.8 | E14: 4361.1 | F14: 6864.1 | G14: 4282.5 | H14: 6313985 | I14: 19046.9 | J14: 791.4 | K14: 54352.5 | L14: 36563.5 | M14: 35587.4 | N14: 17.3 | O14: 3253.5 | P14: 86506 | Q14: 41748 | R14: 44758 | S14: 15426 | T14: 1780.8 | U14: 1427.3 | V14: 353.5 | W14: 1296.8 | X14: 69.5 | Y14: 130.5 | Z14: 16443.6 | AA14: 40474 | AB14: 7231
A15: 170100 | B15: 31/12/2023 | C15: 80337.5 | D15: 18639.1 | E15: 5549.8 | F15: 10931 | G15: 5047.9 | H15: 11517876 | I15: 22770.8 | J15: 658.1 | K15: 73767.1 | M15: 41035.7 | N15: 10.5 | O15: 3322.7 | P15: 89400 | Q15: 43369 | R15: 46031 | S15: 15877 | T15: 1799.6 | U15: 1429.7 | V15: 369.9 | W15: 1329 | X15: 70.6 | Y15: 100.7 | Z15: 19236.1 | AA15: 44658 | AB15: 7487
A16: 170100 | B16: 31/12/2024 | C16: 93026.3 | D16: 28668 | E16: 8363.618 | F16: 12782.8 | G16: 4201.4 | H16: 13235128 | I16: 28630.5 | J16: 820 | K16: 90626.6 | M16: 44074.7 | N16: 32.6 | O16: 3394.4 | P16: 86305 | Q16: 41991 | R16: 44314 | S16: 17815 | T16: 1807.4 | U16: 1415.5 | V16: 391.9 | W16: 1338.6 | X16: 70.2 | Y16: 76.9 | Z16: 21926.3 | AA16: 29717 | AB16: 8743

Sheet Buxoro Viloyati
A1: Zip Code | B1: Years | C1: Yalpi ichki (hududiy) mahsulot hajmi (yillik) | D1: Asosiy kapitalga investitsiyalar hajmi (yillik) | E1: Aholi jon boshiga asosiy kapitalga investitsiyalar hajmi (yillik) | F1: Qurilish ishlari hajmi (yillik) | G1: Tashqi savdo aylanmasi hajmi (yillik) | H1: Ulgurji savdo hajmi (yillik) | I1: Chakana savdo hajmi (yillik) | J1: Elektr energiyasi ishlab chiqarish hajmi | K1: Sanoat mahsulotlari ishlab chiqarish hajmi (yillik) | L1: Iste’mol tovarlari ishlab chiqarish hajmi (yillik) | M1: Qishloq xo‘jaligi mahsulotlari umumiy hajmi (yillik) | N1: Atmosferaga chiqarilgan ifloslantiruvchi moddalar | O1: Doimiy aholi soni | P1: Tug‘ilganlar soni (jami) | Q1: Tug‘ilganlar soni (qiz bolalar) | R1: Tug‘ilganlar soni (o‘g‘il bolalar) | S1: Vafot etganlar soni (jami) | T1: Mehnat resurslari soni | U1: Iqtisodiy faol aholi soni | V1: Iqtisodiy nofaol aholi soni | W1: Iqtisodiyotda bandlar soni (ming kishi) | X1: Bandlik darajasi (Foiz %) | Y1: Ishsizlar soni (ming kishi) | Z1: Aholi jon boshiga umumiy daromadlar hajmi (hududlar kesimida) (ming so'm) | AA1: Faoliyat ko‘rsatayotgan korxona va tashkilotlar soni (yillik) (birlik) | AB1: Ro‘yxatga olingan jinoyatlar soni (hududlar bo‘yicha) (birlik)
A2: 200100 | B2: 31/12/2010 | C2: 5131.6 | D2: 2147.2 | E2: 1321.5 | F2: 580 | G2: 762.6 | H2: 444800 | I2: 1290.2 | J2: 5.7 | K2: 1674.8 | L2: 764.1 | M2: 2426.3 | N2: 75.5 | O2: 1612.5 | P2: 34597 | Q2: 16577 | R2: 18020 | S2: 7383 | T2: 987.6 | U2: 810 | V2: 177.6 | W2: 768.1 | X2: 74.5 | Y2: 41.9 | Z2: 2524.4 | AA2: 12360 | AB2: 4349
A3: 200100 | B3: 31/12/2011 | C3: 6777.3 | D3: 2101.8 | E3: 1239.5 | F3: 793.5 | G3: 860.1 | H3: 661400 | I3: 1726.5 | J3: 7.6 | K3: 2202.6 | L3: 977.2 | M3: 3749.3 | N3: 71.7 | O3: 1683.8 | P3: 32948 | Q3: 15934 | R3: 17014 | S3: 7521 | T3: 1008.3 | U3: 825 | V3: 183.3 | W3: 784.7 | X3: 73.5 | Y3: 40.3 | Z3: 3505.6 | AA3: 13055 | AB3: 4199
A4: 200100 | B4: 31/12/2012 | C4: 7949.5 | D4: 2405.8 | E4: 1399.9 | F4: 978.5 | G4: 913.8 | H4: 773400 | I4: 2259.7 | J4: 6.9 | K4: 2457.8 | L4: 1082 | M4: 4489.6 | N4: 61.7 | O4: 1707.4 | P4: 34257 | Q4: 16467 | R4: 17790 | S4: 7486 | T4: 1025.7 | U4: 844.5 | V4: 181.2 | W4: 804.4 | X4: 74.1 | Y4: 40.1 | Z4: 4145.2 | AA4: 13057 | AB4: 4251
A5: 200100 | B5: 31/12/2013 | C5: 9481.3 | D5: 2998.7 | E5: 1720.3 | F5: 1279.6 | G5: 1049.8 | H5: 890285.5 | I5: 2958.2 | J5: 6.4 | K5: 3073.9 | L5: 1331.8 | M5: 5655.5 | N5: 50.7 | O5: 1729.7 | P5: 36743 | Q5: 17583 | R5: 19160 | S5: 7662 | T5: 1035.1 | U5: 859.3 | V5: 175.8 | W5: 818.4 | X5: 74.4 | Y5: 40.9 | Z5: 4954 | AA5: 12403 | AB5: 4237
A6: 200100 | B6: 31/12/2014 | C6: 11729.4 | D6: 3583.2 | E6: 2023.4 | F6: 1648.4 | G6: 1002.8 | H6: 1185739 | I6: 3693.8 | J6: 8.9 | K6: 3972.6 | L6: 1732.7 | M6: 6856.6 | N6: 51.9 | O6: 1756.4 | P6: 38291 | Q6: 18350 | R6: 19941 | S6: 7708 | T6: 1045 | U6: 868.5 | V6: 176.5 | W6: 823.2 | X6: 74 | Y6: 45.3 | Z6: 5698.9 | AA6: 11468 | AB6: 4400
A7: 200100 | B7: 31/12/2015 | C7: 14223.4 | D7: 4075.9 | E7: 2264 | F7: 2061.7 | G7: 922.8 | H7: 1298777 | I7: 4481.8 | J7: 4.9 | K7: 5143.9 | L7: 2292 | M7: 8290.5 | N7: 55.6 | O7: 1785.4 | P7: 39352 | Q7: 18735 | R7: 20617 | S7: 7976 | T7: 1055.8 | U7: 872.4 | V7: 183.4 | W7: 824.2 | X7: 73.4 | Y7: 48.2 | Z7: 6411.6 | AA7: 12082 | AB7: 4364
A8: 200100 | B8: 31/12/2016 | C8: 16594.9 | D8: 5922.9 | E8: 3237.6 | F8: 2202.9 | G8: 715.5 | H8: 1490572 | I8: 5611.9 | J8: 6.8 | K8: 5569.6 | L8: 2635.9 | M8: 9812.2 | N8: 58.5 | O8: 1815.2 | P8: 38297 | Q8: 18444 | R8: 19853 | S8: 8013 | T8: 1065.4 | U8: 872.4 | V8: 193 | W8: 825.3 | X8: 72.9 | Y8: 47.1 | Z8: 7354.2 | AA8: 13828 | AB8: 4356
A9: 200100 | B9: 31/12/2017 | C9: 19970.6 | D9: 11613.4 | E9: 6254.2 | F9: 2543.7 | G9: 877.9 | H9: 1537773 | I9: 6578.5 | J9: 9.3 | K9: 6422.3 | L9: 3112.1 | M9: 12968.8 | N9: 63.8 | O9: 1843.5 | P9: 37228 | Q9: 17813 | R9: 19415 | S9: 8336 | T9: 1073.1 | U9: 874.6 | V9: 198.5 | W9: 826.5 | X9: 72.5 | Y9: 48.1 | Z9: 9325.3 | AA9: 14809 | AB9: 4204
A10: 200100 | B10: 31/12/2018 | C10: 25773.6 | D10: 9610.9 | E10: 5112.4 | F10: 3581.2 | G10: 911.3 | H10: 1809226 | I10: 8375 | J10: 6.5 | K10: 8601.2 | L10: 3661.3 | M10: 17064.6 | N10: 74.8 | O10: 1870.2 | P10: 40338 | Q10: 18950 | R10: 21388 | S10: 7978 | T10: 1077.8 | U10: 887.7 | V10: 190.1 | W10: 810.1 | X10: 70.7 | Y10: 77.6 | Z10: 11849.4 | AA10: 15625 | AB10: 2972
A11: 200100 | B11: 31/12/2019 | C11: 33081.4 | D11: 10366.6 | E11: 5429.3 | F11: 4368.1 | G11: 1259.4 | H11: 3112334 | I11: 10309.2 | J11: 5.5 | K11: 14798.2 | L11: 5311.1 | M11: 19182.1 | N11: 69.1 | O11: 1894.8 | P11: 41141 | Q11: 19607 | R11: 21534 | S11: 8335 | T11: 1081 | U11: 875.4 | V11: 205.6 | W11: 797.1 | X11: 69.3 | Y11: 78.3 | Z11: 13703.9 | AA11: 18115 | AB11: 2720
A12: 200100 | B12: 31/12/2020 | C12: 36621.6 | D12: 12183.9 | E12: 6295 | F12: 5659.8 | G12: 831.2 | H12: 4587610 | I12: 12072.8 | J12: 6.2 | K12: 17574.4 | L12: 6701.9 | M12: 23876 | N12: 37.1 | O12: 1923.9 | P12: 41555 | Q12: 20044 | R12: 21511 | S12: 10055 | T12: 1067.1 | U12: 881.9 | V12: 185.2 | W12: 788 | X12: 68.3 | Y12: 93.9 | Z12: 15338.7 | AA12: 23459 | AB12: 3570
A13: 200100 | B13: 31/12/2021 | C13: 44628.2 | D13: 20528.3 | E13: 10462.9 | F13: 7401.1 | G13: 1180.9 | H13: 6991634 | I13: 12747.1 | J13: 7.4 | K13: 20772.1 | L13: 8570.2 | M13: 28529.3 | N13: 44.8 | O13: 1947.1 | P13: 43173 | Q13: 21111 | R13: 22062 | S13: 9129 | T13: 1072.3 | U13: 862.2 | V13: 210.1 | W13: 777.3 | X13: 67.2 | Y13: 84.9 | Z13: 18910 | AA13: 28233 | AB13: 5267
A14: 200100 | B14: 31/12/2022 | C14: 53714.9 | D14: 21638.3 | E14: 10855.5 | F14: 8448.7 | G14: 1224.8 | H14: 13450873 | I14: 15522 | J14: 1578.3 | K14: 27202.4 | L14: 4899.6 | M14: 32867.5 | N14: 35.6 | O14: 1976.8 | P14: 45058 | Q14: 21711 | R14: 23347 | S14: 9069 | T14: 1074.7 | U14: 856.4 | V14: 218.3 | W14: 780.6 | X14: 67.2 | Y14: 75.8 | Z14: 22320.7 | AA14: 31160 | AB14: 5175
A15: 200100 | B15: 31/12/2023 | C15: 63693.4 | D15: 31030.5 | E15: 15309.4 | F15: 14524.8 | G15: 1212.3 | H15: 16024848 | I15: 18167.1 | J15: 2029.3 | K15: 31860.4 | M15: 37174.5 | N15: 30.7 | O15: 2009.7 | P15: 46617 | Q15: 22342 | R15: 24275 | S15: 8758 | T15: 1089.2 | U15: 858.8 | V15: 230.4 | W15: 803.2 | X15: 68.7 | Y15: 55.6 | Z15: 24267.7 | AA15: 33686 | AB15: 5339
A16: 200100 | B16: 31/12/2024 | C16: 73434.1 | D16: 51663.9 | E16: 25073.48 | F16: 16648.9 | G16: 1324.5 | H16: 17819676 | I16: 22420.5 | J16: 2582 | K16: 42243.7 | M16: 40307.9 | N16: 35.4 | O16: 2044 | P16: 46067 | Q16: 22221 | R16: 23846 | S16: 9588 | T16: 1085.3 | U16: 841.8 | V16: 243.5 | W16: 796.7 | X16: 67.7 | Y16: 45.1 | Z16: 27508 | AA16: 31203 | AB16: 7489

Sheet Jizzah Viloyati
A1: Zip Code | B1: Years | C1: Yalpi ichki (hududiy) mahsulot hajmi (yillik) | D1: Asosiy kapitalga investitsiyalar hajmi (yillik) | E1: Aholi jon boshiga asosiy kapitalga investitsiyalar hajmi (yillik) | F1: Qurilish ishlari hajmi (yillik) | G1: Tashqi savdo aylanmasi hajmi (yillik) | H1: Ulgurji savdo hajmi (yillik) | I1: Chakana savdo hajmi (yillik) | J1: Elektr energiyasi ishlab chiqarish hajmi | K1: Sanoat mahsulotlari ishlab chiqarish hajmi (yillik) | L1: Iste’mol tovarlari ishlab chiqarish hajmi (yillik) | M1: Qishloq xo‘jaligi mahsulotlari umumiy hajmi (yillik) | N1: Atmosferaga chiqarilgan ifloslantiruvchi moddalar | O1: Doimiy aholi soni | P1: Tug‘ilganlar soni (jami) | Q1: Tug‘ilganlar soni (qiz bolalar) | R1: Tug‘ilganlar soni (o‘g‘il bolalar) | S1: Vafot etganlar soni (jami) | T1: Mehnat resurslari soni | U1: Iqtisodiy faol aholi soni | V1: Iqtisodiy nofaol aholi soni | W1: Iqtisodiyotda bandlar soni (ming kishi) | X1: Bandlik darajasi (Foiz %) | Y1: Ishsizlar soni (ming kishi) | Z1: Aholi jon boshiga umumiy daromadlar hajmi (hududlar kesimida) (ming so'm) | AA1: Faoliyat ko‘rsatayotgan korxona va tashkilotlar soni (yillik) (birlik) | AB1: Ro‘yxatga olingan jinoyatlar soni (hududlar bo‘yicha) (birlik)
A2: 130100 | B2: 31/12/2010 | C2: 2439.9 | D2: 440.8 | E2: 391.5 | F2: 211.5 | G2: 233.5 | H2: 225400 | I2: 629.6 | J2: 0 | K2: 522.7 | L2: 256.9 | M2: 1736.2 | N2: 23.8 | O2: 1116.8 | P2: 25942 | Q2: 12449 | R2: 13493 | S2: 4440 | T2: 652.1 | U2: 404.6 | V2: 247.5 | W2: 381.6 | X2: 56.8 | Y2: 23 | Z2: 1810.7 | AA2: 7243 | AB2: 2462
A3: 130100 | B3: 31/12/2011 | C3: 3350.4 | D3: 580.3 | E3: 493.2 | F3: 294.3 | G3: 282.3 | H3: 352300 | I3: 882.5 | J3: 0 | K3: 659.6 | L3: 312.8 | M3: 2661.9 | N3: 17.3 | O3: 1166.7 | P3: 25191 | Q3: 12008 | R3: 13183 | S3: 4554 | T3: 678.7 | U3: 413.9 | V3: 264.8 | W3: 392.4 | X3: 56 | Y3: 21.5 | Z3: 2441 | AA3: 7961 | AB3: 2436
A4: 130100 | B4: 31/12/2012 | C4: 4130.4 | D4: 792.5 | E4: 662.8 | F4: 363.3 | G4: 178 | H4: 354600 | I4: 1161.9 | J4: 0 | K4: 785.7 | L4: 382.6 | M4: 3247.7 | N4: 14.1 | O4: 1186.6 | P4: 25400 | Q4: 12133 | R4: 13267 | S4: 4746 | T4: 695.5 | U4: 424.1 | V4: 271.4 | W4: 402.9 | X4: 56 | Y4: 21.2 | Z4: 2905.5 | AA4: 9184 | AB4: 2434
A5: 130100 | B5: 31/12/2013 | C5: 5040.6 | D5: 1128.5 | E5: 928.1 | F5: 532.2 | G5: 307.5 | H5: 375079 | I5: 1542.6 | J5: 0 | K5: 933.3 | L5: 442.1 | M5: 3775.4 | N5: 17.2 | O5: 1205 | P5: 27484 | Q5: 13244 | R5: 14240 | S5: 4895 | T5: 708.8 | U5: 437.3 | V5: 271.5 | W5: 415.1 | X5: 56.5 | Y5: 22.2 | Z5: 3385.5 | AA5: 9053 | AB5: 2424
A6: 130100 | B6: 31/12/2014 | C6: 6281.3 | D6: 1200.9 | E6: 969.6 | F6: 659.5 | G6: 171.7 | H6: 473449.3 | I6: 1904.7 | J6: 0 | K6: 1195.8 | L6: 573.6 | M6: 4772 | N6: 37.2 | O6: 1226.8 | P6: 29912 | Q6: 14528 | R6: 15384 | S6: 5109 | T6: 723 | U6: 453 | V6: 270 | W6: 428.4 | X6: 57.3 | Y6: 24.6 | Z6: 4099 | AA6: 9414 | AB6: 2616
A7: 130100 | B7: 31/12/2015 | C7: 7458.5 | D7: 1304.9 | E7: 1033.1 | F7: 759.2 | G7: 158.3 | H7: 516437.3 | I7: 2320.5 | J7: 0 | K7: 1474.5 | L7: 878.1 | M7: 5685.3 | N7: 70.2 | O7: 1250.1 | P7: 31887 | Q7: 15265 | R7: 16622 | S7: 5348 | T7: 734.7 | U7: 465.4 | V7: 269.3 | W7: 441.4 | X7: 58.1 | Y7: 24 | Z7: 4809.6 | AA7: 9722 | AB7: 2612
A8: 130100 | B8: 31/12/2016 | C8: 8719.4 | D8: 1449.7 | E8: 1125.1 | F8: 906.1 | G8: 194.6 | H8: 597286 | I8: 2912.3 | J8: 0.01 | K8: 2001.2 | L8: 1053.4 | M8: 6827.1 | N8: 63.4 | O8: 1276.1 | P8: 31566 | Q8: 15008 | R8: 16558 | S8: 5433 | T8: 746.1 | U8: 480.8 | V8: 265.3 | W8: 454.8 | X8: 59.1 | Y8: 26 | Z8: 5459.4 | AA8: 10076 | AB8: 2585
A9: 130100 | B9: 31/12/2017 | C9: 10893.2 | D9: 1788.2 | E9: 1361.9 | F9: 996.1 | G9: 235.1 | H9: 752103.9 | I9: 3442.7 | J9: 0.5 | K9: 2548.8 | L9: 1299.5 | M9: 8835 | N9: 5.2 | O9: 1301 | P9: 30984 | Q9: 14797 | R9: 16187 | S9: 5760 | T9: 756.2 | U9: 492.6 | V9: 263.6 | W9: 468.2 | X9: 60 | Y9: 24.4 | Z9: 6900.7 | AA9: 10694 | AB9: 2348
A10: 130100 | B10: 31/12/2018 | C10: 14709.9 | D10: 3606.3 | E10: 2693.9 | F10: 1564.3 | G10: 336.2 | H10: 1641747 | I10: 4373.4 | J10: 0 | K10: 3581.8 | L10: 1821.5 | M10: 11448.2 | N10: 11.8 | O10: 1325 | P10: 33801 | Q10: 16094 | R10: 17707 | S10: 5596 | T10: 765.7 | U10: 539.4 | V10: 226.3 | W10: 486.6 | X10: 61.6 | Y10: 52.8 | Z10: 8900.4 | AA10: 12008 | AB10: 1878
A11: 130100 | B11: 31/12/2019 | C11: 18553 | D11: 7900.9 | E11: 5778.9 | F11: 2510.6 | G11: 508.8 | H11: 2198747 | I11: 5883 | J11: 0 | K11: 4586.1 | L11: 2351.6 | M11: 13720.1 | N11: 4.3 | O11: 1352.4 | P11: 36457 | Q11: 17571 | R11: 18886 | S11: 5519 | T11: 764.1 | U11: 590.3 | V11: 173.8 | W11: 536.2 | X11: 67.1 | Y11: 54.1 | Z11: 10146.2 | AA11: 14226 | AB11: 1836
A12: 130100 | B12: 31/12/2020 | C12: 20871.6 | D12: 12545.4 | E12: 8984.7 | F12: 2715 | G12: 816.7 | H12: 2213252 | I12: 7223.3 | J12: 0 | K12: 5823.8 | L12: 2992.9 | M12: 16352.8 | N12: 3.4 | O12: 1382.1 | P12: 38118 | Q12: 18192 | R12: 19926 | S12: 6021 | T12: 773.8 | U12: 600.1 | V12: 173.7 | W12: 534.3 | X12: 66.2 | Y12: 65.8 | Z12: 11363.9 | AA12: 17190 | AB12: 1775
A13: 130100 | B13: 31/12/2021 | C13: 26338.6 | D13: 9233.6 | E13: 6470.8 | F13: 3085.4 | G13: 531.2 | H13: 2289120 | I13: 6472.8 | J13: 0 | K13: 8731.8 | L13: 4009.7 | M13: 20471.1 | N13: 2.9 | O13: 1410.5 | P13: 41313 | Q13: 19820 | R13: 21493 | S13: 5930 | T13: 782.6 | U13: 612.6 | V13: 170 | W13: 550.7 | X13: 67.5 | Y13: 61.9 | Z13: 13668.5 | AA13: 20993 | AB13: 2731
A14: 130100 | B14: 31/12/2022 | C14: 31274.3 | D14: 10373.9 | E14: 7107.9 | F14: 3446.4 | G14: 688.2 | H14: 3522258 | I14: 7995.4 | J14: 0 | K14: 11402 | L14: 4115.2 | M14: 23239.2 | N14: 27 | O14: 1443.4 | P14: 40743 | Q14: 19648 | R14: 21095 | S14: 6784 | T14: 791 | U14: 602.7 | V14: 188.3 | W14: 546.4 | X14: 66.2 | Y14: 56.3 | Z14: 15567.4 | AA14: 22714 | AB14: 2865
A15: 130100 | B15: 31/12/2023 | C15: 38570.3 | D15: 14970.9 | E15: 10037.4 | F15: 5942.9 | G15: 1432.2 | H15: 3552448 | I15: 9516.8 | J15: 0.5 | K15: 19197.3 | M15: 26730 | N15: 29.5 | O15: 1475.5 | P15: 40875 | Q15: 19619 | R15: 21256 | S15: 6841 | T15: 799.4 | U15: 597.4 | V15: 202 | W15: 553.9 | X15: 66.3 | Y15: 43.5 | Z15: 17389.2 | AA15: 25847 | AB15: 3192
A16: 130100 | B16: 31/12/2024 | C16: 43545.9 | D16: 23515.4 | E16: 15445.27 | F16: 6405.7 | G16: 2032.1 | H16: 5664339 | I16: 11372.9 | J16: 1.1 | K16: 24903.7 | M16: 28262.2 | N16: 33.1 | O16: 1507.4 | P16: 38561 | Q16: 18677 | R16: 19884 | S16: 6190 | T16: 802 | U16: 593.8 | V16: 208.2 | W16: 559.2 | X16: 66 | Y16: 34.6 | Z16: 19435.1 | AA16: 19923 | AB16: 4288

Sheet Qashqadaryo Viloyati
A1: Zip Code | B1: Years | C1: Yalpi ichki (hududiy) mahsulot hajmi (yillik) | D1: Asosiy kapitalga investitsiyalar hajmi (yillik) | E1: Aholi jon boshiga asosiy kapitalga investitsiyalar hajmi (yillik) | F1: Qurilish ishlari hajmi (yillik) | G1: Tashqi savdo aylanmasi hajmi (yillik) | H1: Ulgurji savdo hajmi (yillik) | I1: Chakana savdo hajmi (yillik) | J1: Elektr energiyasi ishlab chiqarish hajmi | K1: Sanoat mahsulotlari ishlab chiqarish hajmi (yillik) | L1: Iste’mol tovarlari ishlab chiqarish hajmi (yillik) | M1: Qishloq xo‘jaligi mahsulotlari umumiy hajmi (yillik) | N1: Atmosferaga chiqarilgan ifloslantiruvchi moddalar | O1: Doimiy aholi soni | P1: Tug‘ilganlar soni (jami) | Q1: Tug‘ilganlar soni (qiz bolalar) | R1: Tug‘ilganlar soni (o‘g‘il bolalar) | S1: Vafot etganlar soni (jami) | T1: Mehnat resurslari soni | U1: Iqtisodiy faol aholi soni | V1: Iqtisodiy nofaol aholi soni | W1: Iqtisodiyotda bandlar soni (ming kishi) | X1: Bandlik darajasi (Foiz %) | Y1: Ishsizlar soni (ming kishi) | Z1: Aholi jon boshiga umumiy daromadlar hajmi (hududlar kesimida) (ming so'm) | AA1: Faoliyat ko‘rsatayotgan korxona va tashkilotlar soni (yillik) (birlik) | AB1: Ro‘yxatga olingan jinoyatlar soni (hududlar bo‘yicha) (birlik)
A2: 180100 | B2: 31/12/2010 | C2: 7627.3 | D2: 1792.8 | E2: 678.5 | F2: 699.2 | G2: 504.5 | H2: 475300 | I2: 1325.2 | J2: 5837.7 | K2: 4957.5 | L2: 651.7 | M2: 2753.7 | N2: 141.2 | O2: 2616.1 | P2: 63861 | Q2: 30776 | R2: 33085 | S2: 10271 | T2: 1493.4 | U2: 1030.9 | V2: 462.5 | W2: 971.6 | X2: 61.7 | Y2: 59.3 | Z2: 1896.4 | AA2: 15627 | AB2: 5535
A3: 180100 | B3: 31/12/2011 | C3: 9806.9 | D3: 2265.9 | E3: 823.9 | F3: 791.5 | G3: 580.6 | H3: 729100 | I3: 1867.1 | J3: 6143.1 | K3: 5043.6 | L3: 815.6 | M3: 4235.5 | N3: 142.5 | O3: 2722.9 | P3: 64074 | Q3: 30568 | R3: 33506 | S3: 10895 | T3: 1569.8 | U3: 1059.9 | V3: 509.9 | W3: 1003.7 | X3: 61.1 | Y3: 56.2 | Z3: 2599 | AA3: 18078 | AB3: 5522
A4: 180100 | B4: 31/12/2012 | C4: 12040.4 | D4: 3072.2 | E4: 1095.5 | F4: 997.9 | G4: 750.8 | H4: 873100 | I4: 2567.6 | J4: 5902.4 | K4: 6076.4 | L4: 947.8 | M4: 5442.2 | N4: 163 | O4: 2777.8 | P4: 65225 | Q4: 31502 | R4: 33723 | S4: 11010 | T4: 1612.7 | U4: 1094.9 | V4: 517.8 | W4: 1036.6 | X4: 61.2 | Y4: 58.3 | Z4: 3096.7 | AA4: 20347 | AB4: 5577
A5: 180100 | B5: 31/12/2013 | C5: 14126.3 | D5: 3667.8 | E5: 1281 | F5: 1168.2 | G5: 765.4 | H5: 1180084 | I5: 3443.7 | J5: 6026.8 | K5: 6849.4 | L5: 1498.2 | M5: 6368.8 | N5: 167 | O5: 2831.3 | P5: 71860 | Q5: 34510 | R5: 37350 | S5: 11044 | T5: 1654.2 | U5: 1130.6 | V5: 523.6 | W5: 1072.3 | X5: 61.8 | Y5: 58.3 | Z5: 3685.7 | AA5: 20437 | AB5: 5762
A6: 180100 | B6: 31/12/2014 | C6: 16918.3 | D6: 4721.8 | E6: 1613.1 | F6: 1560 | G6: 606.9 | H6: 1420363 | I6: 4250 | J6: 6706.3 | K6: 7194.7 | L6: 1520.5 | M6: 7689.1 | N6: 171.8 | O6: 2895.3 | P6: 75649 | Q6: 36201 | R6: 39448 | S6: 11961 | T6: 1692.5 | U6: 1172.5 | V6: 520 | W6: 1108.5 | X6: 62.5 | Y6: 64 | Z6: 4179.4 | AA6: 19868 | AB6: 5746
A7: 180100 | B7: 31/12/2015 | C7: 20220.7 | D7: 5894.7 | E7: 1969.9 | F7: 2067.5 | G7: 737.7 | H7: 1530712 | I7: 5042.8 | J7: 6310.9 | K7: 8721.9 | L7: 2094.3 | M7: 9089 | N7: 176.3 | O7: 2958.9 | P7: 78543 | Q7: 37667 | R7: 40876 | S7: 11954 | T7: 1725.7 | U7: 1210 | V7: 515.7 | W7: 1143.9 | X7: 63.3 | Y7: 66.1 | Z7: 4642.7 | AA7: 19570 | AB7: 5836
A8: 180100 | B8: 31/12/2016 | C8: 23743.4 | D8: 7304.4 | E8: 2389.2 | F8: 2560 | G8: 764.1 | H8: 1812925 | I8: 6202.9 | J8: 7344.3 | K8: 9632.2 | L8: 2577.2 | M8: 10863.6 | N8: 167.9 | O8: 3025.6 | P8: 77684 | Q8: 37161 | R8: 40523 | S8: 12553 | T8: 1758.1 | U8: 1247 | V8: 511.1 | W8: 1180.9 | X8: 64.3 | Y8: 66.1 | Z8: 5498.4 | AA8: 18557 | AB8: 5864
A9: 180100 | B9: 31/12/2017 | C9: 25848.1 | D9: 11175.3 | E9: 3583.4 | F9: 2759.1 | G9: 596.9 | H9: 1807868 | I9: 7187.3 | J9: 13014 | K9: 10945.9 | L9: 2549.3 | M9: 14360.6 | N9: 165.7 | O9: 3088.8 | P9: 76687 | Q9: 36897 | R9: 39790 | S9: 13201 | T9: 1784.6 | U9: 1296.6 | V9: 488 | W9: 1218 | X9: 65.4 | Y9: 78.6 | Z9: 6788.9 | AA9: 18005 | AB9: 4493
A10: 180100 | B10: 31/12/2018 | C10: 31690.4 | D10: 16518.5 | E10: 5193.4 | F10: 3701.1 | G10: 765.7 | H10: 2331639 | I10: 8818.5 | J10: 13860.2 | K10: 14529.5 | L10: 2891.7 | M10: 17206.5 | N10: 152.2 | O10: 3148.4 | P10: 81919 | Q10: 38559 | R10: 43360 | S10: 13023 | T10: 1806.8 | U10: 1353.3 | V10: 453.5 | W10: 1222 | X10: 64.8 | Y10: 131.3 | Z10: 8135.6 | AA10: 18471 | AB10: 2918
A11: 180100 | B11: 31/12/2019 | C11: 39011.2 | D11: 24462.5 | E11: 7534.6 | F11: 4365.3 | G11: 824.8 | H11: 2707172 | I11: 10639.7 | J11: 13052.3 | K11: 20360.1 | L11: 3899.8 | M11: 19933.9 | N11: 140.4 | O11: 3213.1 | P11: 86728 | Q11: 41289 | R11: 45439 | S11: 12661 | T11: 1813.8 | U11: 1345.3 | V11: 468.5 | W11: 1220 | X11: 63.9 | Y11: 125.3 | Z11: 9525 | AA11: 20915 | AB11: 2804
A12: 180100 | B12: 31/12/2020 | C12: 42298.6 | D12: 20557.6 | E12: 6214.7 | F12: 4832.6 | G12: 542.1 | H12: 3061049 | I12: 13523.9 | J12: 9770.7 | K12: 14612.3 | L12: 4947.4 | M12: 23777.8 | N12: 128.1 | O12: 3280.4 | P12: 90330 | Q12: 43251 | R12: 47079 | S12: 13911 | T12: 1809.8 | U12: 1317.9 | V12: 491.9 | W12: 1171 | X12: 60.9 | Y12: 146.9 | Z12: 10607 | AA12: 25259 | AB12: 3508
A13: 180100 | B13: 31/12/2021 | C13: 51181.1 | D13: 17359.1 | E13: 5148.2 | F13: 6336.6 | G13: 565.7 | H13: 3767951 | I13: 14399.4 | J13: 13349.7 | K13: 18771.9 | L13: 4660.9 | M13: 28275.6 | N13: 132.2 | O13: 3335.4 | P13: 97079 | Q13: 46594 | R13: 50485 | S13: 14981 | T13: 1811 | U13: 1339.5 | V13: 471.5 | W13: 1202.5 | X13: 62.2 | Y13: 137 | Z13: 12597.9 | AA13: 30180 | AB13: 5813
A14: 180100 | B14: 31/12/2022 | C14: 59822.3 | D14: 16012.8 | E14: 4647.7 | F14: 7793.8 | G14: 545.4 | H14: 6158341 | I14: 18165.9 | J14: 8499 | K14: 22624.4 | L14: 3003.5 | M14: 32240.7 | N14: 115.7 | O14: 3408.3 | P14: 98279 | Q14: 46966 | R14: 51313 | S14: 17017 | T14: 1813.4 | U14: 1331.5 | V14: 481.9 | W14: 1207.3 | X14: 61.9 | Y14: 124.2 | Z14: 15054.4 | AA14: 36168 | AB14: 5810
A15: 180100 | B15: 31/12/2023 | C15: 71425 | D15: 21138 | E15: 6002.6 | F15: 13986.6 | G15: 737.8 | H15: 7592726 | I15: 21781.7 | J15: 8174.9 | K15: 28767.7 | M15: 38462.6 | N15: 117.7 | O15: 3482.3 | P15: 101852 | Q15: 48981 | R15: 52871 | S15: 16424 | T15: 1826.7 | U15: 1316.6 | V15: 510.1 | W15: 1220.1 | X15: 61.9 | Y15: 96.5 | Z15: 16366.7 | AA15: 41612 | AB15: 5928
A16: 180100 | B16: 31/12/2024 | C16: 83950 | D16: 35482.5 | E16: 9856.258 | F16: 15387.4 | G16: 1239.1 | H16: 8949147 | I16: 26804.1 | J16: 10099.9 | K16: 39116.8 | M16: 42239.6 | N16: 88.6 | O16: 3560.6 | P16: 100909 | Q16: 47951 | R16: 52958 | S16: 15514 | T16: 1888.5 | U16: 1377.2 | V16: 511.3 | W16: 1296.3 | X16: 65 | Y16: 80.9 | Z16: 18473.5 | AA16: 33064 | AB16: 7841

Sheet Navoiy Viloyati
A1: Zip Code | B1: Years | C1: Yalpi ichki (hududiy) mahsulot hajmi (yillik) | D1: Asosiy kapitalga investitsiyalar hajmi (yillik) | E1: Aholi jon boshiga asosiy kapitalga investitsiyalar hajmi (yillik) | F1: Qurilish ishlari hajmi (yillik) | G1: Tashqi savdo aylanmasi hajmi (yillik) | H1: Ulgurji savdo hajmi (yillik) | I1: Chakana savdo hajmi (yillik) | J1: Elektr energiyasi ishlab chiqarish hajmi | K1: Ko‘mir iste’moli hajmi | L1: Sanoat mahsulotlari ishlab chiqarish hajmi (yillik) | M1: Iste’mol tovarlari ishlab chiqarish hajmi (yillik) | N1: Qishloq xo‘jaligi mahsulotlari umumiy hajmi (yillik) | O1: Atmosferaga chiqarilgan ifloslantiruvchi moddalar | P1: Doimiy aholi soni | Q1: Tug‘ilganlar soni (jami) | R1: Tug‘ilganlar soni (qiz bolalar) | S1: Tug‘ilganlar soni (o‘g‘il bolalar) | T1: Vafot etganlar soni (jami) | U1: Mehnat resurslari soni | V1: Iqtisodiy faol aholi soni | W1: Iqtisodiy nofaol aholi soni | X1: Iqtisodiyotda bandlar soni (ming kishi) | Y1: Bandlik darajasi (Foiz %) | Z1: Ishsizlar soni (ming kishi) | AA1: Aholi jon boshiga umumiy daromadlar hajmi (hududlar kesimida) (ming so'm) | AB1: Faoliyat ko‘rsatayotgan korxona va tashkilotlar soni (yillik) (birlik) | AC1: Ro‘yxatga olingan jinoyatlar soni (hududlar bo‘yicha) (birlik)
A2: 210100 | B2: 31/12/2010 | C2: 4580.7 | D2: 1741.8 | E2: 2031 | F2: 418.9 | G2: 925.9 | H2: 389700 | I2: 850.6 | J2: 7376.6 | L2: 4038.5 | M2: 455.8 | N2: 1349.7 | O2: 40.3 | P2: 851.6 | Q2: 18409 | R2: 8931 | S2: 9478 | T2: 3984 | U2: 531.6 | V2: 429 | W2: 102.6 | X2: 407.9 | Y2: 75.3 | Z2: 21.1 | AA2: 3881.6 | AB2: 7024 | AC2: 3357
A3: 210100 | B3: 31/12/2011 | C3: 5613.9 | D3: 1421.9 | E3: 1621.1 | F3: 575 | G3: 1009.1 | H3: 463400 | I3: 1096.5 | J3: 7660.7 | L3: 4865.7 | M3: 568.7 | N3: 2024.4 | O3: 45.2 | P3: 873 | Q3: 18045 | R3: 8631 | S3: 9414 | T3: 4107 | U3: 541.9 | V3: 433.9 | W3: 108 | X3: 413.4 | Y3: 74.6 | Z3: 20.5 | AA3: 5053.8 | AB3: 7249 | AC3: 3355
A4: 210100 | B4: 31/12/2012 | C4: 6927.8 | D4: 1688 | E4: 1907.8 | F4: 653.8 | G4: 1082.2 | H4: 448600 | I4: 1469.5 | J4: 7119.6 | L4: 5761.1 | M4: 716.5 | N4: 2484.7 | O4: 42.4 | P4: 881.2 | Q4: 18067 | R4: 8752 | S4: 9315 | T4: 4153 | U4: 544.1 | V4: 440 | W4: 104.1 | X4: 418.5 | Y4: 74.7 | Z4: 21.5 | AA4: 5527.7 | AB4: 7857 | AC4: 3419
A5: 210100 | B5: 31/12/2013 | C5: 8241.3 | D5: 1696.9 | E5: 1896.4 | F5: 746 | G5: 1081.2 | H5: 472122.5 | I5: 1932 | J5: 8872.6 | L5: 7087.3 | M5: 1096.1 | N5: 2956.7 | O5: 43.9 | P5: 888.4 | Q5: 19300 | R5: 9232 | S5: 10068 | T5: 4103 | U5: 546.8 | V5: 442.4 | W5: 104.4 | X5: 419.6 | Y5: 74.1 | Z5: 22.8 | AA5: 6471.9 | AB5: 7919 | AC5: 3408
A6: 210100 | B6: 31/12/2014 | C6: 9844.8 | D6: 1754.1 | E6: 1933.5 | F6: 891.7 | G6: 990.5 | H6: 624723.4 | I6: 2453.2 | J6: 8811.4 | L6: 8238.9 | M6: 1112.2 | N6: 3556.7 | O6: 42.6 | P6: 901.1 | Q6: 20116 | R6: 9699 | S6: 10417 | T6: 4188 | U6: 543.1 | V6: 443.7 | W6: 99.4 | X6: 420.6 | Y6: 73.6 | Z6: 23.1 | AA6: 7377.7 | AB6: 8062 | AC6: 3400
A7: 210100 | B7: 31/12/2015 | C7: 11191.5 | D7: 1809.1 | E7: 1965.1 | F7: 1019.2 | G7: 802.5 | H7: 501399.3 | I7: 3001.9 | J7: 8864 | L7: 9286.9 | M7: 1768.6 | N7: 4206.1 | O7: 47 | P7: 913.2 | Q7: 20259 | R7: 9758 | S7: 10501 | T7: 4110 | U7: 540.3 | V7: 443.6 | W7: 96.7 | X7: 421.2 | Y7: 73.2 | Z7: 22.4 | AA7: 8761.4 | AB7: 8127 | AC7: 3394
A8: 210100 | B8: 31/12/2016 | C8: 12739.3 | D8: 2963.2 | E8: 3168.2 | F8: 1153.1 | G8: 704 | H8: 591061 | I8: 3684.7 | J8: 9259.7 | L8: 10657.9 | M8: 2139.2 | N8: 5034.7 | O8: 57.4 | P8: 927.9 | Q8: 20837 | R8: 10134 | S8: 10703 | T8: 4401 | U8: 543.5 | V8: 444.2 | W8: 99.3 | X8: 421.8 | Y8: 72.8 | Z8: 22.4 | AA8: 9745 | AB8: 8533 | AC8: 3386
A9: 210100 | B9: 31/12/2017 | C9: 18456.2 | D9: 3977.9 | E9: 4185.5 | F9: 1313.5 | G9: 768.9 | H9: 676809.3 | I9: 4348.5 | J9: 8542.6 | L9: 13072.9 | M9: 2193.6 | N9: 6470.3 | O9: 44.1 | P9: 942.8 | Q9: 20563 | R9: 9853 | S9: 10710 | T9: 4472 | U9: 547.2 | V9: 445.7 | W9: 101.5 | X9: 422.4 | Y9: 72.4 | Z9: 23.3 | AA9: 11793.6 | AB9: 8771 | AC9: 3083
A10: 210100 | B10: 31/12/2018 | C10: 27190.4 | D10: 10579.5 | E10: 10892.1 | F10: 2280.8 | G10: 1636.2 | H10: 1659416.5 | I10: 5436.3 | J10: 8249.3 | L10: 22892.4 | M10: 2528.3 | N10: 8299.8 | O10: 49.9 | P10: 958 | Q10: 21595 | R10: 10344 | S10: 11251 | T10: 4161 | U10: 552 | V10: 446.3 | W10: 105.7 | X10: 407.7 | Y10: 69.2 | Z10: 38.6 | AA10: 14639.3 | AB10: 9469 | AC10: 2067
A11: 210100 | B11: 31/12/2019 | C11: 42400.1 | D11: 17646.3 | E11: 17855.2 | F11: 3464 | G11: 1835.5 | H11: 1840064.3 | I11: 6776 | J11: 9786.3 | L11: 44438.1 | M11: 3243.4 | N11: 9467.8 | O11: 43.6 | P11: 979.5 | Q11: 22770 | R11: 10934 | S11: 11836 | T11: 4378 | U11: 555.8 | V11: 450.9 | W11: 104.9 | X11: 412.7 | Y11: 69.5 | Z11: 38.2 | AA11: 17874 | AB11: 11175 | AC11: 1857
A12: 210100 | B12: 31/12/2020 | C12: 60326.4 | D12: 15688.4 | E12: 15604.2 | F12: 3944.7 | G12: 1312.3 | H12: 1876174.4 | I12: 7922.8 | J12: 11776.8 | L12: 65084.9 | M12: 3896.5 | N12: 11309.7 | O12: 48.4 | P12: 997.1 | Q12: 23888 | R12: 11525 | S12: 12363 | T12: 5038 | U12: 555.2 | V12: 440.9 | W12: 114.3 | X12: 399.4 | Y12: 66.8 | Z12: 41.5 | AA12: 20916.9 | AB12: 17067 | AC12: 1943
A13: 210100 | B13: 31/12/2021 | C13: 69162.2 | D13: 15020.1 | E13: 14672.4 | F13: 5155.5 | G13: 1168.5 | H13: 2025804.9 | I13: 8091.6 | J13: 11117.5 | L13: 73633.5 | M13: 4342.5 | N13: 14547.2 | O13: 68.6 | P13: 1013.6 | Q13: 26576 | R13: 12713 | S13: 13863 | T13: 4848 | U13: 564.5 | V13: 450.2 | W13: 114.3 | X13: 410.4 | Y13: 68.3 | Z13: 39.8 | AA13: 25887.5 | AB13: 20133 | AC13: 2998
A14: 210100 | B14: 31/12/2022 | C14: 78668.2 | D14: 17958.1 | E14: 17189.8 | F14: 5855 | G14: 1230.3 | H14: 3284291.5 | I14: 10101.6 | J14: 11541.6 | L14: 84393.7 | M14: 3156.4 | N14: 15151.7 | O14: 41.6 | P14: 1033.9 | Q14: 26274 | R14: 12780 | S14: 13494 | T14: 4156 | U14: 570.6 | V14: 445.8 | W14: 124.8 | X14: 410.1 | Y14: 67.7 | Z14: 35.7 | AA14: 28358.1 | AB14: 22711 | AC14: 2965
A15: 210100 | B15: 31/12/2023 | C15: 93651.5 | D15: 26398.6 | E15: 24778.1 | F15: 10645.4 | G15: 1331.3 | H15: 4294889.7 | I15: 12356 | J15: 10718.9 | L15: 101841.9 | N15: 18318.9 | O15: 35 | P15: 1055.5 | Q15: 26805 | R15: 12983 | S15: 13822 | T15: 4588 | U15: 584.5 | V15: 455 | W15: 129.5 | X15: 426.4 | Y15: 69.8 | Z15: 28.6 | AA15: 32537 | AB15: 25179 | AC15: 3132
A16: 210100 | B16: 31/12/2024 | C16: 130439.5 | D16: 33550.2 | E16: 30921.82 | F16: 14186.2 | G16: 1601.1 | H16: 4868652.9 | I16: 15253.7 | J16: 10847.1 | L16: 145615 | N16: 20063.2 | O16: 39.2 | P16: 1075.3 | Q16: 25763 | R16: 12459 | S16: 13304 | T16: 4881 | U16: 597.4 | V16: 457.7 | W16: 139.7 | X16: 435.2 | Y16: 70.5 | Z16: 22.5 | AA16: 38112.3 | AB16: 21880 | AC16: 4120

Sheet Namangan Viloyati
A1: Zip Code | B1: Years | C1: Yalpi ichki (hududiy) mahsulot hajmi (yillik) | D1: Asosiy kapitalga investitsiyalar hajmi (yillik) | E1: Aholi jon boshiga asosiy kapitalga investitsiyalar hajmi (yillik) | F1: Qurilish ishlari hajmi (yillik) | G1: Tashqi savdo aylanmasi hajmi (yillik) | H1: Ulgurji savdo hajmi (yillik) | I1: Chakana savdo hajmi (yillik) | J1: Elektr energiyasi ishlab chiqarish hajmi | K1: Sanoat mahsulotlari ishlab chiqarish hajmi (yillik) | L1: Iste’mol tovarlari ishlab chiqarish hajmi (yillik) | M1: Qishloq xo‘jaligi mahsulotlari umumiy hajmi (yillik) | N1: Atmosferaga chiqarilgan ifloslantiruvchi moddalar | O1: Doimiy aholi soni | P1: Tug‘ilganlar soni (jami) | Q1: Tug‘ilganlar soni (qiz bolalar) | R1: Tug‘ilganlar soni (o‘g‘il bolalar) | S1: Vafot etganlar soni (jami) | T1: Mehnat resurslari soni | U1: Iqtisodiy faol aholi soni | V1: Iqtisodiy nofaol aholi soni | W1: Iqtisodiyotda bandlar soni (ming kishi) | X1: Bandlik darajasi (Foiz %) | Y1: Ishsizlar soni (ming kishi) | Z1: Aholi jon boshiga umumiy daromadlar hajmi (hududlar kesimida) (ming so'm) | AA1: Faoliyat ko‘rsatayotgan korxona va tashkilotlar soni (yillik) (birlik) | AB1: Ro‘yxatga olingan jinoyatlar soni (hududlar bo‘yicha) (birlik)
A2: 160100 | B2: 31/12/2010 | C2: 3968.5 | D2: 660.6 | E2: 290 | F2: 347.9 | I2: 1297 | J2: 0.2 | K2: 1007 | L2: 581.8 | M2: 1908.9 | N2: 5.4 | O2: 2258.5 | P2: 50799 | Q2: 24426 | R2: 26373 | S2: 10553 | T2: 1350.6 | U2: 866 | V2: 484.6 | W2: 815.3 | X2: 57.4 | Y2: 50.7 | Z2: 1566.7 | AA2: 13207 | AB2: 5686
A3: 160100 | B3: 31/12/2011 | C3: 5469.3 | D3: 764.2 | E3: 318.4 | F3: 475.9 | I3: 1696.3 | J3: 0.1 | K3: 1358.1 | L3: 774.5 | M3: 2914 | N3: 5.6 | O3: 2379.5 | P3: 52203 | Q3: 25011 | R3: 27192 | S3: 11174 | T3: 1436.5 | U3: 890.2 | V3: 546.3 | W3: 841.7 | X3: 56.6 | Y3: 48.5 | Z3: 2170 | AA3: 14289 | AB3: 5628
A4: 160100 | B4: 31/12/2012 | C4: 6836 | D4: 917.3 | E4: 376 | F4: 548.9 | G4: 481 | H4: 411300 | I4: 2166.2 | J4: 0.3 | K4: 1615.6 | L4: 968.6 | M4: 3552.1 | N4: 7 | O4: 2420.6 | P4: 50603 | Q4: 24065 | R4: 26538 | S4: 11551 | T4: 1468.4 | U4: 921.1 | V4: 547.3 | W4: 872.1 | X4: 57.2 | Y4: 49 | Z4: 2644 | AA4: 14569 | AB4: 5571
A5: 160100 | B5: 31/12/2013 | C5: 8431.8 | D5: 1205.1 | E5: 485.6 | F5: 730.9 | G5: 205.9 | H5: 725400 | I5: 2853.5 | J5: 0.6 | K5: 1892.1 | L5: 1113.1 | M5: 4353.1 | N5: 3.7 | O5: 2458.7 | P5: 56859 | Q5: 27395 | R5: 29464 | S5: 11407 | T5: 1480 | U5: 953.1 | V5: 526.9 | W5: 903.5 | X5: 58.1 | Y5: 49.6 | Z5: 3168.1 | AA5: 15076 | AB5: 5564
A6: 160100 | B6: 31/12/2014 | C6: 10367.1 | D6: 1807.5 | E6: 714.7 | F6: 890.4 | G6: 230.9 | H6: 713200 | I6: 3440 | J6: 0.1 | K6: 2315.2 | L6: 1413.1 | M6: 5470.5 | N6: 3.9 | O6: 2504.1 | P6: 62285 | Q6: 29732 | R6: 32553 | S6: 11848 | T6: 1492.5 | U6: 989.5 | V6: 503 | W6: 937.3 | X6: 59.3 | Y6: 52.2 | Z6: 3636.5 | AA6: 15953 | AB6: 5546
A7: 160100 | B7: 31/12/2015 | C7: 12567.1 | D7: 2227.5 | E7: 863.8 | F7: 1010.4 | G7: 280.1 | H7: 786869.2 | I7: 4166.7 | J7: 0.1 | K7: 2861.8 | L7: 2098.1 | M7: 6973.6 | N7: 7.8 | O7: 2554.2 | P7: 61980 | Q7: 29218 | R7: 32762 | S7: 12236 | T7: 1515 | U7: 1022.1 | V7: 492.9 | W7: 968.8 | X7: 60.5 | Y7: 53.3 | Z7: 4113.2 | AA7: 16698 | AB7: 5540
A8: 160100 | B8: 31/12/2016 | C8: 15062.1 | D8: 2824.5 | E8: 1074.8 | F8: 1289.9 | G8: 330.7 | H8: 853034.6 | I8: 5253.4 | J8: 0.4 | K8: 3475.7 | L8: 2413.4 | M8: 7973.7 | N8: 15.8 | O8: 2603.4 | P8: 62164 | Q8: 29615 | R8: 32549 | S8: 12276 | T8: 1534 | U8: 1057.9 | V8: 476.1 | W8: 1001.4 | X8: 61.9 | Y8: 56.5 | Z8: 4745.5 | AA8: 17695 | AB8: 5528
A9: 160100 | B9: 31/12/2017 | C9: 18609.5 | D9: 3586.7 | E9: 1340.3 | F9: 1475.2 | G9: 273.2 | H9: 1015798.4 | I9: 6334.2 | J9: 2.5 | K9: 4615.5 | L9: 3090.5 | M9: 10215.7 | N9: 15.9 | O9: 2652.4 | P9: 61380 | Q9: 29267 | R9: 32113 | S9: 13066 | T9: 1549.5 | U9: 1099 | V9: 450.5 | W9: 1034.9 | X9: 63.4 | Y9: 64.1 | Z9: 6043.2 | AA9: 18746 | AB9: 4605
A10: 160100 | B10: 31/12/2018 | C10: 22956.4 | D10: 8158.1 | E10: 2992.5 | F10: 2257.6 | G10: 482 | H10: 1224563.8 | I10: 7829 | J10: 0 | K10: 6586.6 | L10: 4135.6 | M10: 12639.6 | N10: 15.2 | O10: 2699.6 | P10: 66490 | Q10: 31650 | R10: 34840 | S10: 12200 | T10: 1564.2 | U10: 1162.6 | V10: 401.6 | W10: 1051.5 | X10: 63.8 | Y10: 111.1 | Z10: 7206.3 | AA10: 19952 | AB10: 3498
A11: 160100 | B11: 31/12/2019 | C11: 29384.4 | D11: 12084.9 | E11: 4344.1 | F11: 3471 | G11: 573.7 | H11: 1506647.5 | I11: 9962.2 | J11: 456.1 | K11: 8818.1 | L11: 6030 | M11: 15509 | N11: 15.8 | O11: 2752.9 | P11: 71830 | Q11: 34455 | R11: 37375 | S11: 12534 | T11: 1573.9 | U11: 1214.7 | V11: 359.2 | W11: 1104.6 | X11: 66.4 | Y11: 110.1 | Z11: 8712.2 | AA11: 21269 | AB11: 3320
A12: 160100 | B12: 31/12/2020 | C12: 34169.1 | D12: 12007.2 | E12: 4229.2 | F12: 4678.2 | G12: 1202.6 | H12: 1607146.1 | I12: 12233.8 | J12: 5624.6 | K12: 11011.9 | L12: 6442.2 | M12: 17913.1 | N12: 15 | O12: 2810.8 | P12: 74720 | Q12: 35743 | R12: 38977 | S12: 13536 | T12: 1580.4 | U12: 1217.2 | V12: 363.2 | W12: 1088.7 | X12: 65 | Y12: 128.5 | Z12: 9731.5 | AA12: 25909 | AB12: 4235
A13: 160100 | B13: 31/12/2021 | C13: 41993.6 | D13: 12982 | E13: 4477.8 | F13: 5556.7 | G13: 986.5 | H13: 2687108.3 | I13: 13541.9 | J13: 7083.9 | K13: 14695.1 | L13: 8303.8 | M13: 21596.1 | N13: 24 | O13: 2867.5 | P13: 79968 | Q13: 38668 | R13: 41300 | S13: 13542 | T13: 1586.1 | U13: 1224.1 | V13: 362 | W13: 1104.8 | X13: 65.5 | Y13: 119.3 | Z13: 11915.5 | AA13: 30882 | AB13: 7054
A14: 160100 | B14: 31/12/2022 | C14: 50668.2 | D14: 14775.1 | E14: 4984.4 | F14: 6653.2 | G14: 873.8 | H14: 5005054.3 | I14: 17273.1 | J14: 6694 | K14: 18120.5 | L14: 7696 | M14: 25157.7 | N14: 7.4 | O14: 2931.1 | P14: 82330 | Q14: 39758 | R14: 42572 | S14: 13433 | T14: 1588.3 | U14: 1208.5 | V14: 379.8 | W14: 1100.6 | X14: 64.8 | Y14: 107.9 | Z14: 14415.1 | AA14: 33422 | AB14: 7212
A15: 160100 | B15: 31/12/2023 | C15: 61074.9 | D15: 19220.1 | E15: 6339.5 | F15: 11732.9 | G15: 1091 | H15: 7168668.1 | I15: 20665.8 | J15: 7025.3 | K15: 21906.8 | M15: 30015.6 | N15: 5 | O15: 2997.5 | P15: 84496 | Q15: 40686 | R15: 43810 | S15: 13831 | T15: 1603.9 | U15: 1214 | V15: 389.9 | W15: 1129.1 | X15: 65.9 | Y15: 84.9 | Z15: 15291.1 | AA15: 36914 | AB15: 7742
A16: 160100 | B16: 31/12/2024 | C16: 71869.1 | D16: 54231.4 | E16: 17500.21 | F16: 13234.7 | G16: 1279.7 | H16: 9457737.8 | I16: 25185.7 | J16: 6561.6 | K16: 31696.2 | M16: 32497.2 | N16: 4.4 | O16: 3066.1 | P16: 81930 | Q16: 39505 | R16: 42425 | S16: 14281 | T16: 1632.4 | U16: 1228.2 | V16: 404.2 | W16: 1159.6 | X16: 66.8 | Y16: 68.6 | Z16: 16849 | AA16: 27634 | AB16: 8204

Sheet Samarqand Viloyati
A1: Zip Code | B1: Years | C1: Yalpi ichki (hududiy) mahsulot hajmi (yillik) | D1: Asosiy kapitalga investitsiyalar hajmi (yillik) | E1: Aholi jon boshiga asosiy kapitalga investitsiyalar hajmi (yillik) | F1: Qurilish ishlari hajmi (yillik) | G1: Tashqi savdo aylanmasi hajmi (yillik) | H1: Ulgurji savdo hajmi (yillik) | I1: Chakana savdo hajmi (yillik) | J1: Elektr energiyasi ishlab chiqarish hajmi | K1: Sanoat mahsulotlari ishlab chiqarish hajmi (yillik) | L1: Iste’mol tovarlari ishlab chiqarish hajmi (yillik) | M1: Qishloq xo‘jaligi mahsulotlari umumiy hajmi (yillik) | N1: Atmosferaga chiqarilgan ifloslantiruvchi moddalar | O1: Doimiy aholi soni | P1: Tug‘ilganlar soni (jami) | Q1: Tug‘ilganlar soni (qiz bolalar) | R1: Tug‘ilganlar soni (o‘g‘il bolalar) | S1: Vafot etganlar soni (jami) | T1: Mehnat resurslari soni | U1: Iqtisodiy faol aholi soni | V1: Iqtisodiy nofaol aholi soni | W1: Iqtisodiyotda bandlar soni (ming kishi) | X1: Bandlik darajasi (Foiz %) | Y1: Ishsizlar soni (ming kishi) | Z1: Aholi jon boshiga umumiy daromadlar hajmi (hududlar kesimida) (ming so'm) | AA1: Faoliyat ko‘rsatayotgan korxona va tashkilotlar soni (yillik) (birlik) | AB1: Ro‘yxatga olingan jinoyatlar soni (hududlar bo‘yicha) (birlik)
A2: 140100 | B2: 31/12/2010 | C2: 7143.4 | D2: 1083.1 | E2: 344 | F2: 519.7 | G2: 452.4 | H2: 780200 | I2: 1683 | J2: 5.8 | K2: 2011.2 | L2: 1412.4 | M2: 5368.6 | N2: 51.5 | O2: 3119 | P2: 75213 | Q2: 36315 | R2: 38898 | S2: 14262 | T2: 1815.7 | U2: 1308.3 | V2: 507.4 | W2: 1229.9 | X2: 64.7 | Y2: 78.4 | Z2: 2029 | AA2: 15161 | AB2: 7739
A3: 140100 | B3: 31/12/2011 | C3: 9005.3 | D3: 1345.6 | E3: 407.9 | F3: 745 | G3: 552.6 | H3: 1112000 | I3: 2208.5 | J3: 4.1 | K3: 2485.6 | L3: 1736.3 | M3: 6744 | N3: 51.8 | O3: 3270.8 | P3: 73903 | Q3: 35472 | R3: 38431 | S3: 14605 | T3: 1902.6 | U3: 1344 | V3: 558.6 | W3: 1269.8 | X3: 64 | Y3: 74.2 | Z3: 2619.6 | AA3: 15300 | AB3: 7579
A4: 140100 | B4: 31/12/2012 | C4: 10953.9 | D4: 1586 | E4: 472.9 | F4: 926.2 | G4: 690.9 | H4: 1296200 | I4: 3030.1 | J4: 5.2 | K4: 3222 | L4: 2070.7 | M4: 7808.6 | N4: 52.8 | O4: 3326.2 | P4: 74137 | Q4: 35424 | R4: 38713 | S4: 15002 | T4: 1943.7 | U4: 1389 | V4: 554.7 | W4: 1314.4 | X4: 64.7 | Y4: 74.6 | Z4: 3029.9 | AA4: 17223 | AB4: 7548
A5: 140100 | B5: 31/12/2013 | C5: 13691.5 | D5: 2127.6 | E5: 623.3 | F5: 1214.5 | G5: 969.2 | H5: 1430251.6 | I5: 3846.7 | J5: 2.2 | K5: 3880.1 | L5: 2484 | M5: 9477.7 | N5: 49.1 | O5: 3380.9 | P5: 82390 | Q5: 39497 | R5: 42893 | S5: 15227 | T5: 1973.8 | U5: 1433.5 | V5: 540.3 | W5: 1357.3 | X5: 65.4 | Y5: 76.2 | Z5: 3654.6 | AA5: 16497 | AB5: 7511
A6: 140100 | B6: 31/12/2014 | C6: 17119.4 | D6: 2540.4 | E6: 730 | F6: 1562.8 | G6: 954.2 | H6: 1723435 | I6: 4890.1 | J6: 2.4 | K6: 4966.4 | L6: 3242.3 | M6: 11747.6 | N6: 51.3 | O6: 3445.6 | P6: 87833 | Q6: 42010 | R6: 45823 | S6: 15381 | T6: 2003.8 | U6: 1485.1 | V6: 518.7 | W6: 1402.5 | X6: 66.5 | Y6: 82.6 | Z6: 4207.3 | AA6: 17403 | AB6: 7487
A7: 140100 | B7: 31/12/2015 | C7: 20481.8 | D7: 3237.2 | E7: 912 | F7: 2010.6 | G7: 910.6 | H7: 2043502.4 | I7: 6078.2 | J7: 3.7 | K7: 6095.5 | L7: 3829.9 | M7: 14300 | N7: 54.7 | O7: 3514.8 | P7: 88649 | Q7: 42600 | R7: 46049 | S7: 15895 | T7: 2033.6 | U7: 1530.6 | V7: 503 | W7: 1443.9 | X7: 67.6 | Y7: 86.7 | Z7: 4631 | AA7: 17610 | AB7: 7484
A8: 140100 | B8: 31/12/2016 | C8: 25429.8 | D8: 3623.5 | E8: 1001.6 | F8: 2194.9 | G8: 985.2 | H8: 2759436.4 | I8: 7605.2 | J8: 6.3 | K8: 7446 | L8: 5079.8 | M8: 17088.6 | N8: 51.6 | O8: 3583.9 | P8: 88295 | Q8: 42485 | R8: 45810 | S8: 16146 | T8: 2058.2 | U8: 1575.7 | V8: 482.5 | W8: 1485.1 | X8: 68.7 | Y8: 90.6 | Z8: 5603.4 | AA8: 18553 | AB8: 7735
A9: 140100 | B9: 31/12/2017 | C9: 30938.3 | D9: 4384.2 | E9: 1189.5 | F9: 2342.4 | G9: 1101.6 | H9: 2876716.9 | I9: 8973.5 | J9: 11.7 | K9: 9242 | L9: 5919.2 | M9: 21506.8 | N9: 37.2 | O9: 3651.7 | P9: 89956 | Q9: 42879 | R9: 47077 | S9: 16661 | T9: 2079.6 | U9: 1629.8 | V9: 449.8 | W9: 1523.1 | X9: 69.7 | Y9: 106.7 | Z9: 6871.1 | AA9: 19435 | AB9: 7691
A10: 140100 | B10: 31/12/2018 | C10: 37852.1 | D10: 7061.4 | E10: 1878.3 | F10: 3299 | G10: 1620.5 | H10: 3740117.7 | I10: 11123.1 | J10: 75.2 | K10: 13488.1 | L10: 7848.2 | M10: 25658 | N10: 52.1 | O10: 3720.1 | P10: 98909 | Q10: 47518 | R10: 51391 | S10: 16254 | T10: 2103.4 | U10: 1620.6 | V10: 482.8 | W10: 1463.3 | X10: 66.3 | Y10: 157.3 | Z10: 8377.4 | AA10: 21061 | AB10: 5215
A11: 140100 | B11: 31/12/2019 | C11: 45037.4 | D11: 10266.7 | E11: 2674.9 | F11: 4527.2 | G11: 1749.9 | H11: 5445351.1 | I11: 13877.3 | J11: 80.2 | K11: 15783.6 | L11: 8745.3 | M11: 28379.5 | N11: 44.2 | O11: 3798.9 | P11: 100656 | Q11: 48298 | R11: 52358 | S11: 16444 | T11: 2117.1 | U11: 1604.2 | V11: 512.9 | W11: 1455.8 | X11: 65.3 | Y11: 148.4 | Z11: 9732 | AA11: 25066 | AB11: 5016
A12: 140100 | B12: 31/12/2020 | C12: 49635.9 | D12: 14656.4 | E12: 3746 | F12: 5755.3 | G12: 1491.5 | H12: 7041585.5 | I12: 16816.8 | J12: 73.5 | K12: 18383.4 | L12: 11836 | M12: 32158 | N12: 52.7 | O12: 3877.4 | P12: 101414 | Q12: 48684 | R12: 52730 | S12: 18404 | T12: 2125.2 | U12: 1592.9 | V12: 532.3 | W12: 1418.3 | X12: 63.2 | Y12: 174.6 | Z12: 10827.9 | AA12: 31354 | AB12: 5307
A13: 140100 | B13: 31/12/2021 | C13: 61599.3 | D13: 15641.6 | E13: 3920.7 | F13: 7385.7 | G13: 1920.5 | H13: 9316221.2 | I13: 19882 | J13: 70 | K13: 22834.3 | L13: 14381.9 | M13: 38549.7 | N13: 39.4 | O13: 3947.7 | P13: 110455 | Q13: 53590 | R13: 56865 | S13: 18808 | T13: 2122 | U13: 1599.7 | V13: 522.3 | W13: 1441.3 | X13: 63.7 | Y13: 158.4 | Z13: 13231.2 | AA13: 38946 | AB13: 7505
A14: 140100 | B14: 31/12/2022 | C14: 71714.9 | D14: 18917.1 | E14: 4642.5 | F14: 8895.4 | G14: 2365.5 | H14: 12954120 | I14: 25342.5 | J14: 38.8 | K14: 29188.6 | L14: 9896.6 | M14: 40428.1 | N14: 38.7 | O14: 4031.3 | P14: 111505 | Q14: 53613 | R14: 57892 | S14: 19272 | T14: 2164.8 | U14: 1632.3 | V14: 532.5 | W14: 1479.8 | X14: 64.7 | Y14: 152.5 | Z14: 15721 | AA14: 46667 | AB14: 7727
A15: 140100 | B15: 31/12/2023 | C15: 86313.3 | D15: 25717.1 | E15: 6176.9 | F15: 13199.3 | G15: 2892.4 | H15: 22311416 | I15: 30196.5 | J15: 482.8 | K15: 32955.7 | M15: 49025.9 | N15: 39.4 | O15: 4118.2 | P15: 113986 | Q15: 54811 | R15: 59175 | S15: 19388 | T15: 2167.6 | U15: 1611 | V15: 556.6 | W15: 1504.2 | X15: 65 | Y15: 106.8 | Z15: 16701.5 | AA15: 54163 | AB15: 7843
A16: 140100 | B16: 31/12/2024 | C16: 103882.7 | D16: 28946.93 | E16: 6806.398 | F16: 15389.5 | G16: 3044.6 | H16: 27742480 | I16: 35994.7 | J16: 515 | K16: 45408 | M16: 54647.9 | N16: 47.4 | O16: 4208.5 | P16: 110865 | Q16: 53416 | R16: 57449 | S16: 18854 | T16: 2190.9 | U16: 1607.5 | V16: 583.4 | W16: 1521.1 | X16: 64.8 | Y16: 86.4 | Z16: 19215.4 | AA16: 43477 | AB16: 9402

Sheet Surxandaryo Viloyati
A1: Zip Code | B1: Years | C1: Yalpi ichki (hududiy) mahsulot hajmi (yillik) | D1: Asosiy kapitalga investitsiyalar hajmi (yillik) | E1: Aholi jon boshiga asosiy kapitalga investitsiyalar hajmi (yillik) | F1: Qurilish ishlari hajmi (yillik) | G1: Tashqi savdo aylanmasi hajmi (yillik) | H1: Ulgurji savdo hajmi (yillik) | I1: Chakana savdo hajmi (yillik) | J1: Elektr energiyasi ishlab chiqarish hajmi | K1: Sanoat mahsulotlari ishlab chiqarish hajmi (yillik) | L1: Iste’mol tovarlari ishlab chiqarish hajmi (yillik) | M1: Qishloq xo‘jaligi mahsulotlari umumiy hajmi (yillik) | N1: Atmosferaga chiqarilgan ifloslantiruvchi moddalar | O1: Doimiy aholi soni | P1: Tug‘ilganlar soni (jami) | Q1: Tug‘ilganlar soni (qiz bolalar) | R1: Tug‘ilganlar soni (o‘g‘il bolalar) | S1: Vafot etganlar soni (jami) | T1: Mehnat resurslari soni | U1: Iqtisodiy faol aholi soni | V1: Iqtisodiy nofaol aholi soni | W1: Iqtisodiyotda bandlar soni (ming kishi) | X1: Bandlik darajasi (Foiz %) | Y1: Ishsizlar soni (ming kishi) | Z1: Aholi jon boshiga umumiy daromadlar hajmi (hududlar kesimida) (ming so'm) | AA1: Faoliyat ko‘rsatayotgan korxona va tashkilotlar soni (yillik) (birlik) | AB1: Ro‘yxatga olingan jinoyatlar soni (hududlar bo‘yicha) (birlik)
A2: 190100 | B2: 31/12/2010 | C2: 3802.2 | D2: 655.3 | E2: 312.7 | F2: 335.9 | G2: 309 | H2: 335600 | I2: 1321.3 | J2: 78.6 | K2: 756.4 | L2: 290.7 | M2: 2286.8 | N2: 3.5 | O2: 2075 | P2: 51103 | Q2: 25052 | R2: 26051 | S2: 8446 | T2: 1174.1 | U2: 832.7 | V2: 341.4 | W2: 784.4 | X2: 62.5 | Y2: 48.3 | Z2: 1718.4 | AA2: 12367 | AB2: 3941
A3: 190100 | B3: 31/12/2011 | C3: 5779.1 | D3: 802.9 | E3: 365.4 | F3: 470.6 | G3: 287.3 | H3: 428400 | I3: 1760.9 | J3: 78.5 | K3: 925.8 | L3: 363.6 | M3: 4099.6 | N3: 3.3 | O3: 2175.1 | P3: 54114 | Q3: 26494 | R3: 27620 | S3: 9023 | T3: 1245.4 | U3: 864 | V3: 381.4 | W3: 817.7 | X3: 62.2 | Y3: 46.3 | Z3: 2511.5 | AA3: 12105 | AB3: 3922
A4: 190100 | B4: 31/12/2012 | C4: 7134.7 | D4: 980.3 | E4: 437.7 | F4: 605.3 | G4: 283.1 | H4: 530500 | I4: 2280 | J4: 73.1 | K4: 1101.8 | L4: 445.5 | M4: 4825.7 | N4: 4.4 | O4: 2218.9 | P4: 52512 | Q4: 25223 | R4: 27289 | S4: 9309 | T4: 1282.7 | U4: 889.6 | V4: 393.1 | W4: 843 | X4: 62.3 | Y4: 46.6 | Z4: 3064.9 | AA4: 12559 | AB4: 3935
A5: 190100 | B5: 31/12/2013 | C5: 8388.8 | D5: 1371 | E5: 600.1 | F5: 849.5 | G5: 418.8 | H5: 649445.9 | I5: 3070.4 | J5: 75.7 | K5: 1321.4 | L5: 537.8 | M5: 5411 | N5: 3.7 | O5: 2260.6 | P5: 56539 | Q5: 27251 | R5: 29288 | S5: 9503 | T5: 1320.2 | U5: 918.8 | V5: 401.4 | W5: 871.2 | X5: 62.7 | Y5: 47.6 | Z5: 3530.9 | AA5: 11649 | AB5: 4095
A6: 190100 | B6: 31/12/2014 | C6: 10412.8 | D6: 1509.1 | E6: 646.8 | F6: 1051.5 | G6: 261.2 | H6: 800366.7 | I6: 3894.8 | J6: 81.1 | K6: 1615.3 | L6: 687.7 | M6: 6761.9 | N6: 5.8 | O6: 2308.3 | P6: 60717 | Q6: 29196 | R6: 31521 | S6: 9702 | T6: 1353 | U6: 953.5 | V6: 399.5 | W6: 901.5 | X6: 63.4 | Y6: 52 | Z6: 4054.5 | AA6: 14036 | AB6: 4089
A7: 190100 | B7: 31/12/2015 | C7: 12577 | D7: 1843.6 | E7: 773 | F7: 1351.3 | G7: 264.7 | H7: 841183 | I7: 4766.4 | J7: 82.9 | K7: 1910.7 | L7: 942.8 | M7: 8218 | N7: 3.1 | O7: 2358.3 | P7: 64424 | Q7: 30315 | R7: 34109 | S7: 9887 | T7: 1379.2 | U7: 984.5 | V7: 394.7 | W7: 930.8 | X7: 64.3 | Y7: 53.7 | Z7: 4560.8 | AA7: 12259 | AB7: 4081
A8: 190100 | B8: 31/12/2016 | C8: 13878.7 | D8: 2142.4 | E8: 879.1 | F8: 1554.8 | G8: 270.7 | H8: 1151127 | I8: 6015.1 | J8: 94.4 | K8: 2200.7 | L8: 985.2 | M8: 8737.2 | N8: 3.2 | O8: 2411.5 | P8: 62638 | Q8: 30070 | R8: 32568 | S8: 10380 | T8: 1403.1 | U8: 1018.3 | V8: 384.8 | W8: 961.5 | X8: 65.4 | Y8: 56.8 | Z8: 5079.8 | AA8: 12207 | AB8: 4072
A9: 190100 | B9: 31/12/2017 | C9: 17310.5 | D9: 3551 | E9: 1427.1 | F9: 1827 | G9: 374.6 | H9: 1523574.2 | I9: 7149 | J9: 103.8 | K9: 2356.4 | L9: 1068.4 | M9: 11608.1 | N9: 3.2 | O9: 2462.3 | P9: 64908 | Q9: 30973 | R9: 33935 | S9: 11330 | T9: 1423.9 | U9: 1062.7 | V9: 361.2 | W9: 991.7 | X9: 66.6 | Y9: 71 | Z9: 6226.4 | AA9: 13003 | AB9: 3106
A10: 190100 | B10: 31/12/2018 | C10: 21616.8 | D10: 7240.6 | E10: 2848.3 | F10: 2879.7 | G10: 589.1 | H10: 2029449.4 | I10: 8846.2 | J10: 87.7 | K10: 3234.7 | L10: 1218 | M10: 15046.2 | N10: 5.1 | O10: 2514.2 | P10: 68259 | Q10: 32670 | R10: 35589 | S10: 10698 | T10: 1442.7 | U10: 1089.3 | V10: 353.4 | W10: 984 | X10: 65.2 | Y10: 105.3 | Z10: 7880.8 | AA10: 13719 | AB10: 2322
A11: 190100 | B11: 31/12/2019 | C11: 26239.2 | D11: 11835.1 | E11: 4552.8 | F11: 3979.7 | G11: 562.7 | H11: 2559212.2 | I11: 11055.7 | J11: 51.1 | K11: 4231.3 | L11: 1601.3 | M11: 17844.1 | N11: 6.9 | O11: 2569.9 | P11: 72680 | Q11: 35158 | R11: 37522 | S11: 10544 | T11: 1456.9 | U11: 1128.8 | V11: 328.1 | W11: 1024.2 | X11: 67 | Y11: 104.6 | Z11: 9194.5 | AA11: 15172 | AB11: 2280
A12: 190100 | B12: 31/12/2020 | C12: 28533.6 | D12: 10068.2 | E12: 3792.2 | F12: 4774.7 | G12: 416.9 | H12: 3923768.9 | I12: 12545.8 | J12: 82.4 | K12: 5322.7 | L12: 2161.1 | M12: 19424 | N12: 6.5 | O12: 2629.1 | P12: 74658 | Q12: 35825 | R12: 38833 | S12: 11931 | T12: 1452.2 | U12: 1108.3 | V12: 343.9 | W12: 985.5 | X12: 63.9 | Y12: 122.8 | Z12: 10091.2 | AA12: 19220 | AB12: 3176
A13: 190100 | B13: 31/12/2021 | C13: 34694.1 | D13: 12037.8 | E13: 4438.7 | F13: 5868.4 | G13: 442.5 | H13: 5079342.8 | I13: 13737.4 | J13: 180.8 | K13: 6675.3 | L13: 2640.6 | M13: 23415.5 | N13: 7.1 | O13: 2680.8 | P13: 80975 | Q13: 38796 | R13: 42179 | S13: 12786 | T13: 1464.6 | U13: 1115.8 | V13: 348.8 | W13: 1001.9 | X13: 64.5 | Y13: 113.9 | Z13: 12282.4 | AA13: 25367 | AB13: 5041
A14: 190100 | B14: 31/12/2022 | C14: 40789.7 | D14: 11569.4 | E14: 4169.4 | F14: 6521.9 | G14: 372.7 | H14: 5767057.5 | I14: 17428.5 | J14: 232.3 | K14: 7229.8 | L14: 1733.6 | M14: 26755.7 | N14: 7.3 | O14: 2743.2 | P14: 81547 | Q14: 39433 | R14: 42114 | S14: 13851 | T14: 1465.4 | U14: 1109.9 | V14: 355.5 | W14: 1006.3 | X14: 64.2 | Y14: 103.6 | Z14: 15031.9 | AA14: 28291 | AB14: 4995
A15: 190100 | B15: 31/12/2023 | C15: 49208.9 | D15: 18307.7 | E15: 6442.3 | F15: 11723.5 | G15: 327.9 | H15: 9769005 | I15: 20845.7 | J15: 433.6 | K15: 8848.6 | M15: 32849.3 | N15: 7.4 | O15: 2806.5 | P15: 87695 | Q15: 42211 | R15: 45484 | S15: 13507 | T15: 1486 | U15: 1091.8 | V15: 394.2 | W15: 1011.2 | X15: 63.8 | Y15: 80.6 | Z15: 16205.8 | AA15: 31427 | AB15: 5102
A16: 190100 | B16: 31/12/2024 | C16: 56553.9 | D16: 16593.1 | E16: 5699.55 | F16: 12962.2 | G16: 424.8 | H16: 10689931 | I16: 25310.4 | J16: 653.7 | K16: 13819.8 | M16: 35234.1 | N16: 10.8 | O16: 2877.1 | P16: 84054 | Q16: 40661 | R16: 43393 | S16: 12621 | T16: 1515.8 | U16: 1089.5 | V16: 426.3 | W16: 1024.9 | X16: 63.7 | Y16: 64.6 | Z16: 17880 | AA16: 24657 | AB16: 8001

Sheet Sirdaryo Viloyati
A1: Zip Code | B1: Years | C1: Yalpi ichki (hududiy) mahsulot hajmi (yillik) | D1: Asosiy kapitalga investitsiyalar hajmi (yillik) | E1: Aholi jon boshiga asosiy kapitalga investitsiyalar hajmi (yillik) | F1: Qurilish ishlari hajmi (yillik) | G1: Tashqi savdo aylanmasi hajmi (yillik) | H1: Ulgurji savdo hajmi (yillik) | I1: Chakana savdo hajmi (yillik) | J1: Elektr energiyasi ishlab chiqarish hajmi | K1: Sanoat mahsulotlari ishlab chiqarish hajmi (yillik) | L1: Iste’mol tovarlari ishlab chiqarish hajmi (yillik) | M1: Qishloq xo‘jaligi mahsulotlari umumiy hajmi (yillik) | N1: Atmosferaga chiqarilgan ifloslantiruvchi moddalar | O1: Doimiy aholi soni | P1: Tug‘ilganlar soni (jami) | Q1: Tug‘ilganlar soni (qiz bolalar) | R1: Tug‘ilganlar soni (o‘g‘il bolalar) | S1: Vafot etganlar soni (jami) | T1: Mehnat resurslari soni | U1: Iqtisodiy faol aholi soni | V1: Iqtisodiy nofaol aholi soni | W1: Iqtisodiyotda bandlar soni (ming kishi) | X1: Bandlik darajasi (Foiz %) | Y1: Ishsizlar soni (ming kishi) | Z1: Aholi jon boshiga umumiy daromadlar hajmi (hududlar kesimida) (ming so'm) | AA1: Faoliyat ko‘rsatayotgan korxona va tashkilotlar soni (yillik) (birlik) | AB1: Ro‘yxatga olingan jinoyatlar soni (hududlar bo‘yicha) (birlik)
A2: 120100 | B2: 31/12/2010 | C2: 1856.9 | D2: 406.2 | E2: 564.3 | F2: 134.9 | G2: 250.3 | H2: 195100 | I2: 411.1 | J2: 15278.3 | K2: 926.8 | L2: 252.9 | M2: 1075 | N2: 21 | O2: 714.4 | P2: 16260 | Q2: 7714 | R2: 8546 | S2: 3449 | T2: 420.7 | U2: 335 | V2: 85.7 | W2: 319.9 | X2: 72 | Y2: 15.1 | Z2: 2215.1 | AA2: 6496 | AB2: 2925
A3: 120100 | B3: 31/12/2011 | C3: 2607.5 | D3: 596.7 | E3: 813.8 | F3: 168 | G3: 176.7 | H3: 317400 | I3: 524.1 | J3: 15509.9 | K3: 1211.4 | L3: 391.3 | M3: 1638 | N3: 58.7 | O3: 727.2 | P3: 15559 | Q3: 7468 | R3: 8091 | S3: 3465 | T3: 432.7 | U3: 342.1 | V3: 90.6 | W3: 327.5 | X3: 72.1 | Y3: 14.6 | Z3: 3124.8 | AA3: 7219 | AB3: 4098
A4: 120100 | B4: 31/12/2012 | C4: 3204.1 | D4: 663.1 | E4: 890.1 | F4: 230.3 | G4: 270.5 | H4: 399400 | I4: 672.9 | J4: 16940.4 | K4: 1528.1 | L4: 467.8 | M4: 2078.8 | N4: 46.9 | O4: 739.5 | P4: 15754 | Q4: 7566 | R4: 8188 | S4: 3645 | T4: 441.8 | U4: 348.7 | V4: 93.1 | W4: 334.8 | X4: 72.2 | Y4: 13.9 | Z4: 3600.3 | AA4: 7623 | AB4: 3960
A5: 120100 | B5: 31/12/2013 | C5: 3798.9 | D5: 852.8 | E5: 1126.4 | F5: 313 | G5: 323.1 | H5: 458924 | I5: 806.4 | J5: 16507.8 | K5: 1929.3 | L5: 669.7 | M5: 2465.3 | N5: 35.4 | O5: 750.6 | P5: 16701 | Q5: 8059 | R5: 8642 | S5: 3648 | T5: 448.7 | U5: 357.5 | V5: 91.2 | W5: 342.3 | X5: 72.5 | Y5: 15.2 | Z5: 4489.5 | AA5: 7423 | AB5: 3915
A6: 120100 | B6: 31/12/2014 | C6: 4579.1 | D6: 992.3 | E6: 1288.1 | F6: 376.5 | G6: 486 | H6: 499162.5 | I6: 1022.6 | J6: 16155.1 | K6: 2363.1 | L6: 822.7 | M6: 2868 | N6: 69.3 | O6: 763.8 | P6: 17427 | Q6: 8363 | R6: 9064 | S6: 3719 | T6: 456.9 | U6: 366.6 | V6: 90.3 | W6: 349.6 | X6: 72.9 | Y6: 17 | Z6: 5010.9 | AA6: 7952 | AB6: 3815
A7: 120100 | B7: 31/12/2015 | C7: 5628.1 | D7: 1083.3 | E7: 1382.2 | F7: 478.9 | G7: 275.2 | H7: 619164.2 | I7: 1246.5 | J7: 16718.4 | K7: 2820.6 | L7: 1135.3 | M7: 3581.2 | N7: 66.1 | O7: 777.1 | P7: 17862 | Q7: 8655 | R7: 9207 | S7: 3786 | T7: 464 | U7: 369.1 | V7: 94.9 | W7: 350.9 | X7: 72.2 | Y7: 18.2 | Z7: 5813.9 | AA7: 8195 | AB7: 3868
A8: 120100 | B8: 31/12/2016 | C8: 6802.1 | D8: 1322.9 | E8: 1660.3 | F8: 540.7 | G8: 252.1 | H8: 800471.2 | I8: 1547.4 | J8: 17373.5 | K8: 3522.3 | L8: 1404 | M8: 4088.4 | N8: 68.9 | O8: 790.6 | P8: 17623 | Q8: 8345 | R8: 9278 | S8: 4012 | T8: 470.2 | U8: 368.5 | V8: 101.7 | W8: 352.4 | X8: 71.7 | Y8: 16.1 | Z8: 6772.1 | AA8: 8300 | AB8: 3385
A9: 120100 | B9: 31/12/2017 | C9: 8115.8 | D9: 1628 | E9: 2011.1 | F9: 552.4 | G9: 289.2 | H9: 872092.1 | I9: 1836.8 | J9: 15535.8 | K9: 3806.5 | L9: 1516.6 | M9: 5074 | N9: 59.6 | O9: 803.1 | P9: 17627 | Q9: 8555 | R9: 9072 | S9: 4032 | T9: 475.2 | U9: 371.9 | V9: 103.3 | W9: 353.1 | X9: 71.1 | Y9: 18.8 | Z9: 7130.3 | AA9: 8993 | AB9: 2591
A10: 120100 | B10: 31/12/2018 | C10: 9992.6 | D10: 2699.3 | E10: 3280.2 | F10: 1001.1 | G10: 291.4 | H10: 1199213.2 | I10: 2295.5 | J10: 16189.1 | K10: 5163.1 | L10: 1895.2 | M10: 5654.3 | N10: 60.5 | O10: 815.9 | P10: 18349 | Q10: 8868 | R10: 9481 | S10: 3794 | T10: 480.5 | U10: 390.7 | V10: 89.8 | W10: 354.2 | X10: 70.5 | Y10: 36.5 | Z10: 8668.4 | AA10: 9392 | AB10: 1295
A11: 120100 | B11: 31/12/2019 | C11: 13905.7 | D11: 5869.1 | E11: 7002.9 | F11: 1926.2 | G11: 570.8 | H11: 2072187.6 | I11: 2872.6 | J11: 14974.5 | K11: 7293 | L11: 2840.3 | M11: 7401.5 | N11: 47.8 | O11: 829.9 | P11: 20744 | Q11: 9922 | R11: 10822 | S11: 3852 | T11: 484.5 | U11: 385.9 | V11: 98.6 | W11: 350.1 | X11: 68.9 | Y11: 35.8 | Z11: 10416.6 | AA11: 10367 | AB11: 1261
A12: 120100 | B12: 31/12/2020 | C12: 14676.8 | D12: 7191.9 | E12: 8425.4 | F12: 2407.6 | G12: 612.7 | H12: 2157716.2 | I12: 3584 | J12: 15249.1 | K12: 7990.9 | L12: 2812.3 | M12: 8002 | N12: 71.8 | O12: 846.3 | P12: 21053 | Q12: 10172 | R12: 10881 | S12: 3958 | T12: 485 | U12: 373.4 | V12: 111.6 | W12: 332.2 | X12: 64.8 | Y12: 41.2 | Z12: 11349.5 | AA12: 13169 | AB12: 1681
A13: 120100 | B13: 31/12/2021 | C13: 17318.2 | D13: 8051.8 | E13: 9257.1 | F13: 2708.8 | G13: 667.2 | H13: 2646445.8 | I13: 3800.3 | J13: 16139.1 | K13: 9813.3 | L13: 3718.9 | M13: 9755 | N13: 45.7 | O13: 860.9 | P13: 23244 | Q13: 11265 | R13: 11979 | S13: 4173 | T13: 489.4 | U13: 372.1 | V13: 117.3 | W13: 334.1 | X13: 64.5 | Y13: 38 | Z13: 13185.1 | AA13: 15425 | AB13: 3138
A14: 120100 | B14: 31/12/2022 | C14: 20746.6 | D14: 12354.6 | E14: 13919.1 | F14: 3260.1 | G14: 813.6 | H14: 3530745 | I14: 4453.7 | J14: 16991 | K14: 12011.2 | L14: 2048.1 | M14: 11523.3 | N14: 49.1 | O14: 878.6 | P14: 23320 | Q14: 11212 | R14: 12108 | S14: 4297 | T14: 487.4 | U14: 369.5 | V14: 117.9 | W14: 335 | X14: 64 | Y14: 34.5 | Z14: 15028.4 | AA14: 15920 | AB14: 3405
A15: 120100 | B15: 31/12/2023 | C15: 24873 | D15: 15871.8 | E15: 17532.1 | F15: 4663.2 | G15: 861.6 | H15: 5778775.3 | I15: 5239.2 | J15: 16855.5 | K15: 15348.1 | M15: 13241.2 | N15: 3.1 | O15: 896.6 | P15: 23229 | Q15: 11154 | R15: 12075 | S15: 4644 | T15: 492.2 | U15: 364.8 | V15: 127.4 | W15: 338 | X15: 63.8 | Y15: 26.8 | Z15: 16954.9 | AA15: 17259 | AB15: 3387
A16: 120100 | B16: 31/12/2024 | C16: 28655.5 | D16: 11406.3 | E16: 12365.88 | F16: 4781.9 | G16: 678 | H16: 6843396.1 | I16: 6420.5 | J16: 17532.8 | K16: 20064.5 | M16: 14206.1 | N16: 42.5 | O16: 914 | P16: 22113 | Q16: 10666 | R16: 11447 | S16: 4456 | T16: 503.2 | U16: 373.1 | V16: 130.1 | W16: 351.2 | X16: 65.3 | Y16: 21.9 | Z16: 19036.5 | AA16: 13432 | AB16: 3295

Sheet Toshkent Viloyati 
A1: Zip Code | B1: Years | C1: Yalpi ichki (hududiy) mahsulot hajmi (yillik) | D1: Asosiy kapitalga investitsiyalar hajmi (yillik) | E1: Aholi jon boshiga asosiy kapitalga investitsiyalar hajmi (yillik) | F1: Qurilish ishlari hajmi (yillik) | G1: Tashqi savdo aylanmasi hajmi (yillik) | H1: Ulgurji savdo hajmi (yillik) | I1: Chakana savdo hajmi (yillik) | J1: Elektr energiyasi ishlab chiqarish hajmi | K1: Sanoat mahsulotlari ishlab chiqarish hajmi (yillik) | L1: Iste’mol tovarlari ishlab chiqarish hajmi (yillik) | M1: Qishloq xo‘jaligi mahsulotlari umumiy hajmi (yillik) | N1: Atmosferaga chiqarilgan ifloslantiruvchi moddalar | O1: Doimiy aholi soni | P1: Tug‘ilganlar soni (jami) | Q1: Tug‘ilganlar soni (qiz bolalar) | R1: Tug‘ilganlar soni (o‘g‘il bolalar) | S1: Vafot etganlar soni (jami) | T1: Mehnat resurslari soni | U1: Iqtisodiy faol aholi soni | V1: Iqtisodiy nofaol aholi soni | W1: Iqtisodiyotda bandlar soni (ming kishi) | X1: Bandlik darajasi (Foiz %) | Y1: Ishsizlar soni (ming kishi) | Z1: Aholi jon boshiga umumiy daromadlar hajmi (hududlar kesimida) (ming so'm) | AA1: Faoliyat ko‘rsatayotgan korxona va tashkilotlar soni (yillik) (birlik) | AB1: Ro‘yxatga olingan jinoyatlar soni (hududlar bo‘yicha) (birlik)
A2: 110000 | B2: 31/12/2010 | C2: 8347.3 | D2: 1606.1 | E2: 618.2 | F2: 509.9 | G2: 2901.6 | H2: 1653000 | I2: 2306.3 | J2: 17935.7 | K2: 5471.2 | L2: 1335.3 | M2: 3617.8 | N2: 257.6 | O2: 2585.9 | P2: 54830 | Q2: 26185 | R2: 28645 | S2: 15385 | T2: 1549.7 | U2: 1205.1 | V2: 344.6 | W2: 1155.4 | X2: 71.5 | Y2: 49.7 | Z2: 2433.3 | AA2: 16981 | AB2: 9725
A3: 110000 | B3: 31/12/2011 | C3: 11169.1 | D3: 2221.6 | E3: 835.9 | F3: 684.2 | G3: 3655.7 | H3: 2111800 | I3: 3137.7 | J3: 18277.2 | K3: 7286.5 | L3: 2362.9 | M3: 5148.2 | N3: 280.3 | O3: 2644.4 | P3: 53545 | Q3: 25603 | R3: 27942 | S3: 15455 | T3: 1566.9 | U3: 1230.7 | V3: 336.2 | W3: 1183.4 | X3: 71.8 | Y3: 47.3 | Z3: 3285.3 | AA3: 18746 | AB3: 9717
A4: 110000 | B4: 31/12/2012 | C4: 13960.8 | D4: 2005.8 | E4: 747.5 | F4: 907.1 | G4: 2952.4 | H4: 2126200 | I4: 4060 | J4: 17770.9 | K4: 8112.1 | L4: 2177.1 | M4: 6484.4 | N4: 290.4 | O4: 2671 | P4: 52875 | Q4: 25470 | R4: 27405 | S4: 15990 | T4: 1579.6 | U4: 1260.9 | V4: 318.7 | W4: 1215.5 | X4: 72.9 | Y4: 45.4 | Z4: 3955.1 | AA4: 20473 | AB4: 9707
A5: 110000 | B5: 31/12/2013 | C5: 17104.7 | D5: 3195.2 | E5: 1178.7 | F5: 1151.7 | G5: 3318.3 | H5: 2548530 | I5: 4907.5 | J5: 18221.5 | K5: 10418.3 | L5: 3053.3 | M5: 7475.2 | N5: 372.3 | O5: 2695.7 | P5: 55128 | Q5: 26225 | R5: 28903 | S5: 15809 | T5: 1589.5 | U5: 1291.7 | V5: 297.8 | W5: 1244.9 | X5: 74 | Y5: 46.8 | Z5: 4531.3 | AA5: 21333 | AB5: 9693
A6: 110000 | B6: 31/12/2014 | C6: 20824.7 | D6: 4021.7 | E6: 1466.6 | F6: 1330.9 | G6: 3864.2 | H6: 3371648.2 | I6: 6103 | J6: 18791.5 | K6: 12474.6 | L6: 3811 | M6: 9069.2 | N6: 619.2 | O6: 2725.9 | P6: 57848 | Q6: 27770 | R6: 30078 | S6: 16215 | T6: 1601.9 | U6: 1323.5 | V6: 278.4 | W6: 1272.4 | X6: 75.1 | Y6: 51.1 | Z6: 5226 | AA6: 22823 | AB6: 9681
A7: 110000 | B7: 31/12/2015 | C7: 24435.7 | D7: 4428.1 | E7: 1595 | F7: 1562 | G7: 3094.8 | H7: 3403221.9 | I7: 7663.3 | J7: 20049.6 | K7: 14401 | L7: 4970.1 | M7: 10735.5 | N7: 370.6 | O7: 2758.3 | P7: 58692 | Q7: 28034 | R7: 30658 | S7: 16251 | T7: 1609.6 | U7: 1336 | V7: 273.6 | W7: 1281.8 | X7: 75.3 | Y7: 54.2 | Z7: 6123.7 | AA7: 23954 | AB7: 9666
A8: 110000 | B8: 31/12/2016 | C8: 26724.2 | D8: 4238.7 | E8: 1507.5 | F8: 1646.3 | G8: 3019.8 | H8: 4092934 | I8: 9223 | J8: 19379.5 | K8: 16864.7 | L8: 6250 | M8: 12034.2 | N8: 318.7 | O8: 2794.1 | P8: 57190 | Q8: 27318 | R8: 29872 | S8: 16281 | T8: 1617.7 | U8: 1342.4 | V8: 275.3 | W8: 1287.6 | X8: 75.4 | Y8: 54.8 | Z8: 6749.9 | AA8: 24403 | AB8: 9651
A9: 110000 | B9: 31/12/2017 | C9: 33619.1 | D9: 5938.4 | E9: 2087.2 | F9: 1825.4 | G9: 3207.6 | H9: 3950100.5 | I9: 11149.5 | J9: 17716.3 | K9: 21693.4 | L9: 5785.5 | M9: 15594.8 | N9: 302.9 | O9: 2829.3 | P9: 54794 | Q9: 26327 | R9: 28467 | S9: 16470 | T9: 1623.9 | U9: 1360.9 | V9: 263 | W9: 1289.6 | X9: 75.2 | Y9: 71.3 | Z9: 8108.1 | AA9: 25019 | AB9: 8320
A10: 110000 | B10: 31/12/2018 | C10: 45784.6 | D10: 11226.9 | E10: 3898.4 | F10: 3006.7 | G10: 3861.3 | H10: 5718607.2 | I10: 14101 | J10: 18991.1 | K10: 37724.4 | L10: 7700.9 | M10: 18359.1 | N10: 336.6 | O10: 2861.2 | P10: 59300 | Q10: 28317 | R10: 30983 | S10: 16307 | T10: 1627.2 | U10: 1349.8 | V10: 277.4 | W10: 1227.7 | X10: 71.4 | Y10: 122.1 | Z10: 9867.4 | AA10: 26919 | AB10: 6240
A11: 110000 | B11: 31/12/2019 | C11: 62375.4 | D11: 20353.9 | E11: 6970 | F11: 5594.1 | G11: 4746.9 | H11: 8612075.2 | I11: 17420 | J11: 19470 | K11: 53484.8 | L11: 10859 | M11: 20417.1 | N11: 397.9 | O11: 2898.5 | P11: 64086 | Q11: 30639 | R11: 33447 | S11: 16035 | T11: 1607.3 | U11: 1353.5 | V11: 253.8 | W11: 1232.9 | X11: 71.4 | Y11: 120.6 | Z11: 11891.3 | AA11: 31030 | AB11: 5816
A12: 110000 | B12: 31/12/2020 | C12: 74685.6 | D12: 21148.6 | E12: 7169 | F12: 7102.6 | G12: 4604.2 | H12: 12039270 | I12: 20808.1 | J12: 18228 | K12: 65949.9 | L12: 14517.4 | M12: 23875.1 | N12: 430 | O12: 2941.9 | P12: 65954 | Q12: 31926 | R12: 34028 | S12: 18400 | T12: 1615.4 | U12: 1315.8 | V12: 299.6 | W12: 1177.2 | X12: 68.2 | Y12: 138.6 | Z12: 13717.7 | AA12: 38523 | AB12: 7261
A13: 110000 | B13: 31/12/2021 | C13: 94668.7 | D13: 28113.6 | E13: 9644.5 | F13: 9401.2 | G13: 5311.3 | H13: 14302090 | I13: 20389.1 | J13: 16653.4 | K13: 83433.9 | L13: 19981.5 | M13: 29538.3 | N13: 425.4 | O13: 2975.9 | P13: 72659 | Q13: 34957 | R13: 37702 | S13: 18121 | T13: 1622.5 | U13: 1348.6 | V13: 273.9 | W13: 1222.1 | X13: 72.4 | Y13: 126.5 | Z13: 16957.8 | AA13: 46173 | AB13: 11957
A14: 110000 | B14: 31/12/2022 | C14: 105520 | D14: 35767.7 | E14: 12056.8 | F14: 12237.4 | G14: 5584.5 | H14: 25982338 | I14: 25250 | J14: 19570.8 | K14: 93935.1 | L14: 18290.8 | M14: 33010.7 | N14: 438 | O14: 2941.5 | P14: 73556 | Q14: 35700 | R14: 37856 | S14: 14801 | T14: 1619.2 | U14: 1321.4 | V14: 297.8 | W14: 1204.5 | X14: 71 | Y14: 116.9 | Z14: 19122.6 | AA14: 50296 | AB14: 12259
A15: 110000 | B15: 31/12/2023 | C15: 124087.1 | D15: 47709.3 | E15: 15784.2 | F15: 22121.8 | G15: 5783 | H15: 42677897 | I15: 30872.1 | J15: 20445.1 | K15: 106915.3 | M15: 38779.8 | N15: 430.1 | O15: 2993.4 | P15: 73171 | Q15: 35527 | R15: 37644 | S15: 15529 | T15: 1640.7 | U15: 1325.4 | V15: 315.3 | W15: 1234.9 | X15: 72.2 | Y15: 90.5 | Z15: 21563.1 | AA15: 55472 | AB15: 12430
A16: 110000 | B16: 31/12/2024 | C16: 151251.8 | D16: 73325.12 | E16: 23806.09 | F16: 28990.3 | G16: 5896.6 | H16: 53394902 | I16: 38550.4 | J16: 20003.2 | K16: 138555.4 | M16: 41311.8 | N16: 465 | O16: 3051.8 | P16: 69576 | Q16: 33541 | R16: 36035 | S16: 16393 | T16: 1671.6 | U16: 1327.9 | V16: 343.7 | W16: 1251.6 | X16: 72.3 | Y16: 76.3 | Z16: 25123.3 | AA16: 45295 | AB16: 14702

Sheet Fargona Viloyati
A1: Zip Code | B1: Years | C1: Yalpi ichki (hududiy) mahsulot hajmi (yillik) | D1: Asosiy kapitalga investitsiyalar hajmi (yillik) | E1: Aholi jon boshiga asosiy kapitalga investitsiyalar hajmi (yillik) | F1: Qurilish ishlari hajmi (yillik) | G1: Tashqi savdo aylanmasi hajmi (yillik) | H1: Ulgurji savdo hajmi (yillik) | I1: Chakana savdo hajmi (yillik) | J1: Elektr energiyasi ishlab chiqarish hajmi | K1: Sanoat mahsulotlari ishlab chiqarish hajmi (yillik) | L1: Iste’mol tovarlari ishlab chiqarish hajmi (yillik) | M1: Qishloq xo‘jaligi mahsulotlari umumiy hajmi (yillik) | N1: Atmosferaga chiqarilgan ifloslantiruvchi moddalar | O1: Doimiy aholi soni | P1: Tug‘ilganlar soni (jami) | Q1: Tug‘ilganlar soni (qiz bolalar) | R1: Tug‘ilganlar soni (o‘g‘il bolalar) | S1: Vafot etganlar soni (jami) | T1: Mehnat resurslari soni | U1: Iqtisodiy faol aholi soni | V1: Iqtisodiy nofaol aholi soni | W1: Iqtisodiyotda bandlar soni (ming kishi) | X1: Bandlik darajasi (Foiz %) | Y1: Ishsizlar soni (ming kishi) | Z1: Aholi jon boshiga umumiy daromadlar hajmi (hududlar kesimida) (ming so'm) | AA1: Faoliyat ko‘rsatayotgan korxona va tashkilotlar soni (yillik) (birlik) | AB1: Ro‘yxatga olingan jinoyatlar soni (hududlar bo‘yicha) (birlik)
A2: 150100 | B2: 31/12/2010 | C2: 6209.9 | D2: 930.9 | E2: 300.1 | F2: 489.2 | G2: 953.7 | H2: 804600 | I2: 1911.6 | J2: 455.2 | K2: 3265.5 | L2: 1136.8 | M2: 2570 | N2: 43 | O2: 3074.6 | P2: 70622 | Q2: 34090 | R2: 36532 | S2: 15870 | T2: 1824.2 | U2: 1421.2 | V2: 403 | W2: 1340.4 | X2: 69.4 | Y2: 80.8 | Z2: 1723 | AA2: 16879 | AB2: 8985
A3: 150100 | B3: 31/12/2011 | C3: 8326.1 | D3: 1261.4 | E3: 387.5 | F3: 671 | G3: 1090.9 | H3: 1032200 | I3: 2501.8 | J3: 440.6 | K3: 4120.1 | L3: 1393.7 | M3: 3805.2 | N3: 42.8 | O3: 3229.2 | P3: 67746 | Q3: 32630 | R3: 35116 | S3: 16708 | T3: 1895.2 | U3: 1439.1 | V3: 456.1 | W3: 1367.6 | X3: 67.9 | Y3: 71.5 | Z3: 2295.2 | AA3: 18259 | AB3: 8954
A4: 150100 | B4: 31/12/2012 | C4: 10418 | D4: 1505.8 | E4: 455.6 | F4: 806.5 | G4: 971.2 | H4: 1216100 | I4: 3270.6 | J4: 394.8 | K4: 4596.9 | L4: 1584.8 | M4: 4788.9 | N4: 73.5 | O4: 3280.8 | P4: 66989 | Q4: 32490 | R4: 34499 | S4: 16824 | T4: 1931.4 | U4: 1472 | V4: 459.4 | W4: 1398.8 | X4: 68 | Y4: 73.2 | Z4: 2918 | AA4: 19016 | AB4: 9539
A5: 150100 | B5: 31/12/2013 | C5: 12743.8 | D5: 2130 | E5: 634.3 | F5: 1089.7 | G5: 1050.5 | H5: 1356745 | I5: 4117.7 | J5: 342.6 | K5: 5290.8 | L5: 1961.5 | M5: 5832.4 | N5: 40.2 | O5: 3329.7 | P5: 73671 | Q5: 35495 | R5: 38176 | S5: 16696 | T5: 1947.5 | U5: 1504 | V5: 443.5 | W5: 1431.1 | X5: 68.3 | Y5: 72.9 | Z5: 3399.3 | AA5: 19230 | AB5: 9516
A6: 150100 | B6: 31/12/2014 | C6: 15810.6 | D6: 2295.3 | E6: 672 | F6: 1396.2 | G6: 968.3 | H6: 1477899.2 | I6: 4936 | J6: 351 | K6: 6596.4 | L6: 2293.5 | M6: 7274.3 | N6: 38.4 | O6: 3386.5 | P6: 76697 | Q6: 36912 | R6: 39785 | S6: 17280 | T6: 1969.5 | U6: 1545.7 | V6: 423.8 | W6: 1462.8 | X6: 68.8 | Y6: 82.9 | Z6: 3857.2 | AA6: 21173 | AB6: 9506
A7: 150100 | B7: 31/12/2015 | C7: 18988.4 | D7: 2542.3 | E7: 731.6 | F7: 1649 | G7: 1167.8 | H7: 1857089 | I7: 6150.8 | J7: 312.8 | K7: 7170.2 | L7: 2888.1 | M7: 9180.9 | N7: 38.9 | O7: 3444.9 | P7: 79241 | Q7: 38339 | R7: 40902 | S7: 17437 | T7: 1996.5 | U7: 1570.9 | V7: 425.6 | W7: 1485.3 | X7: 69.1 | Y7: 85.6 | Z7: 4418.3 | AA7: 21795 | AB7: 9498
A8: 150100 | B8: 31/12/2016 | C8: 21206.6 | D8: 2643.6 | E8: 747.8 | F8: 1840 | G8: 873.2 | H8: 2180146.8 | I8: 7655.7 | J8: 321.2 | K8: 8040.7 | L8: 3316.3 | M8: 9824.6 | N8: 103.2 | O8: 3505.3 | P8: 78587 | Q8: 37860 | R8: 40727 | S8: 17141 | T8: 2016.4 | U8: 1596.6 | V8: 419.8 | W8: 1508.3 | X8: 69.6 | Y8: 88.3 | Z8: 4994.1 | AA8: 23083 | AB8: 9483
A9: 150100 | B9: 31/12/2017 | C9: 25148.1 | D9: 2954.5 | E9: 822.4 | F9: 1969.5 | G9: 949.4 | H9: 2415385.1 | I9: 9020.4 | J9: 315.5 | K9: 9728.5 | L9: 3740.8 | M9: 12388 | N9: 60.1 | O9: 3564.8 | P9: 75501 | Q9: 36149 | R9: 39352 | S9: 17927 | T9: 2031.1 | U9: 1630.5 | V9: 400.6 | W9: 1525.7 | X9: 69.9 | Y9: 104.8 | Z9: 5927.2 | AA9: 23310 | AB9: 8126
A10: 150100 | B10: 31/12/2018 | C10: 33037.2 | D10: 5539.1 | E10: 1516.8 | F10: 2942.7 | G10: 1353.6 | H10: 3997047.5 | I10: 11277.6 | J10: 286.2 | K10: 13613.8 | L10: 4530.1 | M10: 17457.1 | N10: 53.2 | O10: 3620.2 | P10: 81414 | Q10: 38905 | R10: 42509 | S10: 16975 | T10: 2043.1 | U10: 1606.6 | V10: 436.5 | W10: 1451 | X10: 66 | Y10: 155.6 | Z10: 7409.5 | AA10: 25571 | AB10: 5362
A11: 150100 | B11: 31/12/2019 | C11: 40207.5 | D11: 8685.4 | E11: 2336.2 | F11: 4162.8 | G11: 1417.8 | H11: 5889749.8 | I11: 13744.3 | J11: 251 | K11: 18661.2 | L11: 7216.3 | M11: 18532.2 | N11: 49.6 | O11: 3683.3 | P11: 87751 | Q11: 42376 | R11: 45375 | S11: 17202 | T11: 2052.1 | U11: 1644.8 | V11: 407.3 | W11: 1492.6 | X11: 67.5 | Y11: 152.2 | Z11: 8489.5 | AA11: 29128 | AB11: 5079
A12: 150100 | B12: 31/12/2020 | C12: 45653.1 | D12: 11040 | E12: 2916 | F12: 5473.9 | G12: 1463.1 | H12: 7909835.9 | I12: 16414.8 | J12: 264.4 | K12: 21701.2 | L12: 10360.9 | M12: 21455.5 | N12: 50.5 | O12: 3752 | P12: 93037 | Q12: 44912 | R12: 48125 | S12: 18540 | T12: 2069.3 | U12: 1625.7 | V12: 443.6 | W12: 1448.6 | X12: 65.1 | Y12: 177.1 | Z12: 9223.5 | AA12: 35379 | AB12: 10952
A13: 150100 | B13: 31/12/2021 | C13: 58406.3 | D13: 12625.2 | E13: 3272.3 | F13: 6993.7 | G13: 1835.5 | H13: 11050208 | I13: 18850 | J13: 395.8 | K13: 27761.5 | L13: 11763.9 | M13: 27501.2 | N13: 46.5 | O13: 3820 | P13: 99146 | Q13: 47736 | R13: 51410 | S13: 18703 | T13: 2083.9 | U13: 1648.8 | V13: 435.1 | W13: 1483.3 | X13: 66.2 | Y13: 165.5 | Z13: 11741 | AA13: 42241 | AB13: 19903
A14: 150100 | B14: 31/12/2022 | C14: 68370.1 | D14: 15419.3 | E14: 3917.2 | F14: 8646 | G14: 2064 | H14: 15988075 | I14: 22448.5 | J14: 393.7 | K14: 30303.5 | L14: 7634.9 | M14: 32737 | N14: 49.5 | O14: 3896.4 | P14: 101308 | Q14: 48889 | R14: 52419 | S14: 18460 | T14: 2097.8 | U14: 1665.6 | V14: 432.2 | W14: 1511.7 | X14: 67.1 | Y14: 153.9 | Z14: 14350.6 | AA14: 46622 | AB14: 15182
A15: 150100 | B15: 31/12/2023 | C15: 81573.3 | D15: 19955 | E15: 4965.3 | F15: 15006.5 | G15: 1979.3 | H15: 22063906 | I15: 27781.8 | J15: 401.1 | K15: 35794.9 | M15: 38326 | N15: 26.4 | O15: 3976.3 | P15: 106497 | Q15: 51210 | R15: 55287 | S15: 18658 | T15: 2121.7 | U15: 1674.2 | V15: 447.5 | W15: 1555.4 | X15: 68.4 | Y15: 118.8 | Z15: 17320.7 | AA15: 52746 | AB15: 13025
A16: 150100 | B16: 31/12/2024 | C16: 93605.7 | D16: 21542.7 | E16: 5250.347 | F16: 15811.7 | G16: 2171.4 | H16: 26686636 | I16: 35545.6 | J16: 479.2 | K16: 45896.1 | M16: 42347.9 | N16: 26.2 | O16: 4061.5 | P16: 103062 | Q16: 49918 | R16: 53144 | S16: 17880 | T16: 2143.3 | U16: 1664.4 | V16: 478.9 | W16: 1563.9 | X16: 68 | Y16: 100.5 | Z16: 19119.9 | AA16: 42574 | AB16: 14289

Sheet Xorazm Viloyati
A1: Zip Code | B1: Years | C1: Yalpi ichki (hududiy) mahsulot hajmi (yillik) | D1: Asosiy kapitalga investitsiyalar hajmi (yillik) | E1: Aholi jon boshiga asosiy kapitalga investitsiyalar hajmi (yillik) | F1: Qurilish ishlari hajmi (yillik) | G1: Tashqi savdo aylanmasi hajmi (yillik) | H1: Ulgurji savdo hajmi (yillik) | I1: Chakana savdo hajmi (yillik) | J1: Elektr energiyasi ishlab chiqarish hajmi | K1: Sanoat mahsulotlari ishlab chiqarish hajmi (yillik) | L1: Iste’mol tovarlari ishlab chiqarish hajmi (yillik) | M1: Qishloq xo‘jaligi mahsulotlari umumiy hajmi (yillik) | N1: Atmosferaga chiqarilgan ifloslantiruvchi moddalar | O1: Doimiy aholi soni | P1: Tug‘ilganlar soni (jami) | Q1: Tug‘ilganlar soni (qiz bolalar) | R1: Tug‘ilganlar soni (o‘g‘il bolalar) | S1: Vafot etganlar soni (jami) | T1: Mehnat resurslari soni | U1: Iqtisodiy faol aholi soni | V1: Iqtisodiy nofaol aholi soni | W1: Iqtisodiyotda bandlar soni (ming kishi) | X1: Bandlik darajasi (Foiz %) | Y1: Ishsizlar soni (ming kishi) | Z1: Aholi jon boshiga umumiy daromadlar hajmi (hududlar kesimida) (ming so'm) | AA1: Faoliyat ko‘rsatayotgan korxona va tashkilotlar soni (yillik) (birlik) | AB1: Ro‘yxatga olingan jinoyatlar soni (hududlar bo‘yicha) (birlik)
A2: 220100 | B2: 31/12/2010 | C2: 3197 | D2: 416.9 | E2: 264.6 | F2: 282.7 | G2: 209.8 | H2: 270900 | I2: 1005.9 | J2: 752 | K2: 628.6 | L2: 346.8 | M2: 1932.2 | N2: 4.8 | O2: 1561.6 | P2: 35965 | Q2: 17293 | R2: 18672 | S2: 7022 | T2: 900.4 | U2: 642 | V2: 258.4 | W2: 606.7 | X2: 63.2 | Y2: 35.3 | Z2: 2105.3 | AA2: 10527 | AB2: 3489
A3: 220100 | B3: 31/12/2011 | C3: 4309.4 | D3: 627.1 | E3: 388.3 | F3: 390.1 | G3: 291.5 | H3: 428400 | I3: 1265.8 | J3: 236.1 | K3: 852.4 | L3: 441.1 | M3: 2718.8 | N3: 4.9 | O3: 1601.1 | P3: 35116 | Q3: 16999 | R3: 18117 | S3: 7084 | T3: 901 | U3: 659.8 | V3: 241.2 | W3: 625.2 | X3: 63.3 | Y3: 34.6 | Z3: 2815.8 | AA3: 10822 | AB3: 3453
A4: 220100 | B4: 31/12/2012 | C4: 5324.1 | D4: 783.4 | E4: 477.3 | F4: 528.7 | G4: 247.7 | H4: 509500 | I4: 1566.6 | J4: 662.3 | K4: 1014.2 | L4: 548.2 | M4: 3451.5 | N4: 4.9 | O4: 1629.1 | P4: 34731 | Q4: 16706 | R4: 18025 | S4: 7675 | T4: 918.5 | U4: 679.1 | V4: 239.4 | W4: 643.4 | X4: 63.9 | Y4: 35.7 | Z4: 3362.8 | AA4: 12044 | AB4: 3522
A5: 220100 | B5: 31/12/2013 | C5: 6558.5 | D5: 1256.9 | E5: 753.1 | F5: 790.3 | G5: 298.3 | H5: 608841.8 | I5: 1959.6 | J5: 391.5 | K5: 1297.2 | L5: 682.5 | M5: 4017.4 | N5: 6.2 | O5: 1653.8 | P5: 37858 | Q5: 18309 | R5: 19549 | S5: 7269 | T5: 934.2 | U5: 697.5 | V5: 236.7 | W5: 660.4 | X5: 64.3 | Y5: 37.1 | Z5: 4066 | AA5: 12043 | AB5: 3769
A6: 220100 | B6: 31/12/2014 | C6: 8178.3 | D6: 1614.8 | E6: 950 | F6: 961.4 | G6: 305.5 | H6: 674059 | I6: 2343.3 | J6: 293.3 | K6: 1920.8 | L6: 1151.7 | M6: 5177.3 | N6: 6.3 | O6: 1684.1 | P6: 40248 | Q6: 19479 | R6: 20769 | S6: 7780 | T6: 952.2 | U6: 717.8 | V6: 234.4 | W6: 678.6 | X6: 65 | Y6: 39.2 | Z6: 4629.1 | AA6: 12502 | AB6: 3763
A7: 220100 | B7: 31/12/2015 | C7: 9971 | D7: 1531.5 | E7: 884.7 | F7: 1174.7 | G7: 211.4 | H7: 722575.3 | I7: 2723.5 | J7: 648.8 | K7: 2616 | L7: 1764.5 | M7: 6215.7 | N7: 5 | O7: 1715.6 | P7: 39543 | Q7: 19026 | R7: 20517 | S7: 7855 | T7: 969.8 | U7: 735.5 | V7: 234.3 | W7: 696 | X7: 65.6 | Y7: 39.5 | Z7: 5052.2 | AA7: 13003 | AB7: 3760
A8: 220100 | B8: 31/12/2016 | C8: 11568.7 | D8: 1560.5 | E8: 885.7 | F8: 1220.9 | G8: 216.6 | H8: 757272.8 | I8: 3365.9 | J8: 443.8 | K8: 2802.7 | L8: 1671.2 | M8: 7511.7 | N8: 5.2 | O8: 1746.9 | P8: 39199 | Q8: 18968 | R8: 20231 | S8: 8158 | T8: 986.7 | U8: 754.7 | V8: 232 | W8: 713.3 | X8: 66.3 | Y8: 41.4 | Z8: 5840.3 | AA8: 12899 | AB8: 3754
A9: 220100 | B9: 31/12/2017 | C9: 13548.2 | D9: 2175.9 | E9: 1215 | F9: 1375.8 | G9: 256 | H9: 876454.5 | I9: 3948.5 | J9: 604.2 | K9: 4070.4 | L9: 2374.3 | M9: 9085 | N9: 9.2 | O9: 1776.7 | P9: 37619 | Q9: 18095 | R9: 19524 | S9: 8324 | T9: 1000.6 | U9: 773.3 | V9: 227.3 | W9: 729.3 | X9: 66.9 | Y9: 44 | Z9: 7566.2 | AA9: 13342 | AB9: 2909
A10: 220100 | B10: 31/12/2018 | C10: 18184.2 | D10: 3013.8 | E10: 1655.6 | F10: 1878.3 | G10: 272 | H10: 1568457.6 | I10: 5269.2 | J10: 136.3 | K10: 6457.2 | L10: 3904.7 | M10: 12423 | N10: 7.1 | O10: 1805 | P10: 40103 | Q10: 19166 | R10: 20937 | S10: 8203 | T10: 1013.4 | U10: 786 | V10: 227.4 | W10: 711.8 | X10: 64.6 | Y10: 74.2 | Z10: 9830.1 | AA10: 13674 | AB10: 1771
A11: 220100 | B11: 31/12/2019 | C11: 22262.8 | D11: 5032 | E11: 2718.4 | F11: 2496.8 | G11: 557.7 | H11: 2002647.5 | I11: 6915.5 | J11: 564.1 | K11: 8538.6 | L11: 5673.9 | M11: 14001 | N11: 7.2 | O11: 1835.7 | P11: 41092 | Q11: 19783 | R11: 21309 | S11: 8467 | T11: 1029.6 | U11: 810 | V11: 219.6 | W11: 736.5 | X11: 66.1 | Y11: 73.5 | Z11: 11581.7 | AA11: 14837 | AB11: 1734
A12: 220100 | B12: 31/12/2020 | C12: 24668.3 | D12: 5391.8 | E12: 2868.2 | F12: 2856.8 | G12: 469.3 | H12: 3101779.7 | I12: 8589.2 | J12: 209.5 | K12: 9615.9 | L12: 6448.3 | M12: 16258.9 | N12: 6.8 | O12: 1866.5 | P12: 41978 | Q12: 20257 | R12: 21721 | S12: 9671 | T12: 1044.8 | U12: 804.5 | V12: 240.3 | W12: 716.4 | X12: 63.7 | Y12: 88.1 | Z12: 12674 | AA12: 18614 | AB12: 2698
A13: 220100 | B13: 31/12/2021 | C13: 30907.3 | D13: 8292 | E13: 4344.3 | F13: 4228.5 | G13: 517.2 | H13: 3937558.5 | I13: 8869.9 | J13: 162.9 | K13: 13658.1 | L13: 8591.6 | M13: 19311.7 | N13: 7.2 | O13: 1893.3 | P13: 42653 | Q13: 20388 | R13: 22265 | S13: 9463 | T13: 1047.1 | U13: 806.4 | V13: 240.7 | W13: 726.4 | X13: 64 | Y13: 80 | Z13: 16292.2 | AA13: 21979 | AB13: 2929
A14: 220100 | B14: 31/12/2022 | C14: 38927.4 | D14: 8769.7 | E14: 4517.9 | F14: 4878.4 | G14: 787.3 | H14: 6053313.3 | I14: 11317.2 | J14: 651.7 | K14: 18323.3 | L14: 10277.4 | M14: 23144.5 | N14: 4.5 | O14: 1924.2 | P14: 44920 | Q14: 21624 | R14: 23296 | S14: 9446 | T14: 1050.9 | U14: 815.5 | V14: 235.4 | W14: 741.8 | X14: 64.7 | Y14: 73.7 | Z14: 20155.2 | AA14: 25160 | AB14: 2905
A15: 220100 | B15: 31/12/2023 | C15: 45358.6 | D15: 11666.1 | E15: 5901.5 | F15: 9452.7 | G15: 881.1 | H15: 7707525.7 | I15: 13412.3 | J15: 1415.9 | K15: 21589.1 | M15: 26246.4 | N15: 3.4 | O15: 1958.1 | P15: 48301 | Q15: 23247 | R15: 25054 | S15: 9004 | T15: 1064.3 | U15: 831.4 | V15: 232.9 | W15: 776.5 | X15: 66.9 | Y15: 54.9 | Z15: 20509.2 | AA15: 28904 | AB15: 3023
A16: 220100 | B16: 31/12/2024 | C16: 53640 | D16: 15624.1 | E16: 7757.735 | F16: 11387.1 | G16: 953.4 | H16: 9265334.3 | I16: 16127.3 | J16: 1291.1 | K16: 28438.8 | M16: 28415.7 | N16: 9.9 | O16: 1995.6 | P16: 47423 | Q16: 22841 | R16: 24582 | S16: 9036 | T16: 1080.3 | U16: 824.1 | V16: 256.2 | W16: 779.5 | X16: 66.2 | Y16: 44.6 | Z16: 23410.8 | AA16: 27089 | AB16: 4339
O17: 2032.4 | AA17: 23779
AA18: 26957

Sheet Toshkent shahri
A1: Zip Code | B1: Years | C1: Yalpi ichki (hududiy) mahsulot hajmi (yillik) | D1: Asosiy kapitalga investitsiyalar hajmi (yillik) | E1: Aholi jon boshiga asosiy kapitalga investitsiyalar hajmi (yillik) | F1: Qurilish ishlari hajmi (yillik) | G1: Tashqi savdo aylanmasi hajmi (yillik) | H1: Ulgurji savdo hajmi (yillik) | I1: Chakana savdo hajmi (yillik) | J1: Elektr energiyasi ishlab chiqarish hajmi | K1: Sanoat mahsulotlari ishlab chiqarish hajmi (yillik) | L1: Iste’mol tovarlari ishlab chiqarish hajmi (yillik) | M1: Qishloq xo‘jaligi mahsulotlari umumiy hajmi (yillik) | N1: Atmosferaga chiqarilgan ifloslantiruvchi moddalar | O1: Doimiy aholi soni | P1: Tug‘ilganlar soni (jami) | Q1: Tug‘ilganlar soni (qiz bolalar) | R1: Tug‘ilganlar soni (o‘g‘il bolalar) | S1: Vafot etganlar soni (jami) | T1: Mehnat resurslari soni | U1: Iqtisodiy faol aholi soni | V1: Iqtisodiy nofaol aholi soni | W1: Iqtisodiyotda bandlar soni (ming kishi) | X1: Bandlik darajasi (Foiz %) | Y1: Ishsizlar soni (ming kishi) | Z1: Aholi jon boshiga umumiy daromadlar hajmi (hududlar kesimida) (ming so'm) | AA1: Faoliyat ko‘rsatayotgan korxona va tashkilotlar soni (yillik) (birlik) | AB1: Ro‘yxatga olingan jinoyatlar soni (hududlar bo‘yicha) (birlik)
A2: 100000 | B2: 31/12/2010 | C2: 11863.8 | D2: 3309 | E2: 1472.4 | F2: 1228.4 | G2: 9006.8 | H2: 5067700 | I2: 5425.5 | J2: 376.3 | K2: 6984.4 | L2: 2681 | M2: 0 | N2: 23.5 | O2: 2234.3 | P2: 39314 | Q2: 18793 | R2: 20521 | S2: 16142 | T2: 1519.2 | U2: 1193.6 | V2: 325.6 | W2: 1153.8 | X2: 81.6 | Y2: 39.8 | Z2: 4505.9 | AA2: 39174 | AB2: 21061
A3: 100000 | B3: 31/12/2011 | C3: 15346 | D3: 3523.1 | E3: 1529.9 | F3: 1866.5 | G3: 8961.2 | H3: 5941600 | I3: 6743.2 | J3: 390.2 | K3: 9628.9 | L3: 3976.5 | M3: 0 | N3: 27 | O3: 2296.5 | P3: 37889 | Q3: 18052 | R3: 19837 | S3: 16545 | T3: 1536.2 | U3: 1197.3 | V3: 338.9 | W3: 1156.7 | X3: 80.7 | Y3: 40.6 | Z3: 5640.9 | AA3: 40590 | AB3: 20720
A4: 100000 | B4: 31/12/2012 | C4: 19021.5 | D4: 5433.1 | E4: 2336.7 | F4: 2300.5 | G4: 9140.3 | H4: 7565300 | I4: 8451.1 | J4: 391.2 | K4: 12516.4 | L4: 4901.8 | M4: 0 | N4: 24.8 | O4: 2309.3 | P4: 38072 | Q4: 18085 | R4: 19987 | S4: 16229 | T4: 1529.9 | U4: 1201.4 | V4: 328.5 | W4: 1162.2 | X4: 80.7 | Y4: 39.2 | Z4: 6867.7 | AA4: 41669 | AB4: 19961
A5: 100000 | B5: 31/12/2013 | C5: 23060 | D5: 4977.1 | E5: 2120.7 | F5: 2725.6 | G5: 10521.5 | H5: 9949775.4 | I5: 10185.3 | J5: 386.9 | K5: 15531.3 | L5: 6446.8 | M5: 0 | N5: 25.6 | O5: 2340.9 | P5: 41647 | Q5: 19874 | R5: 21773 | S5: 16087 | T5: 1537 | U5: 1206.6 | V5: 330.4 | W5: 1165.3 | X5: 80.7 | Y5: 41.3 | Z5: 8306.8 | AA5: 42234 | AB5: 19301
A6: 100000 | B6: 31/12/2014 | C6: 28294.7 | D6: 5969.5 | E6: 2527.2 | F6: 3460.1 | G6: 9489.6 | H6: 10853258 | I6: 12663.4 | J6: 634.9 | K6: 15468.5 | L6: 6382.8 | M6: 0 | N6: 31.1 | O6: 2352.9 | P6: 42225 | Q6: 20267 | R6: 21958 | S6: 16194 | T6: 1534.8 | U6: 1210.1 | V6: 324.7 | W6: 1166.5 | X6: 80.9 | Y6: 43.6 | Z6: 9251.9 | AA6: 45250 | AB6: 18617
A7: 100000 | B7: 31/12/2015 | C7: 34080 | D7: 6854.6 | E7: 2877.4 | F7: 4113 | G7: 8321.6 | H7: 12989887 | I7: 15579.7 | J7: 518 | K7: 18986.1 | L7: 8731.2 | M7: 0 | N7: 28.5 | O7: 2371.3 | P7: 42802 | Q7: 20481 | R7: 22321 | S7: 16346 | T7: 1534.1 | U7: 1214.6 | V7: 319.5 | W7: 1168.1 | X7: 81.1 | Y7: 46.5 | Z7: 10614.4 | AA7: 46603 | AB7: 17233
A8: 100000 | B8: 31/12/2016 | C8: 42307.8 | D8: 9268.9 | E8: 3848.1 | F8: 4633.4 | G8: 8116.4 | H8: 16078983 | I8: 19265.9 | J8: 570.2 | K8: 23511.9 | L8: 11700.7 | M8: 0 | N8: 27.1 | O8: 2393.2 | P8: 43879 | Q8: 21029 | R8: 22850 | S8: 16517 | T8: 1538.2 | U8: 1213.6 | V8: 324.6 | W8: 1169.7 | X8: 81 | Y8: 43.9 | Z8: 12316.1 | AA8: 51024 | AB8: 16877
A9: 100000 | B9: 31/12/2017 | C9: 57710 | D9: 13573.7 | E9: 5552.8 | F9: 6197.9 | G9: 8440.6 | H9: 17960497 | I9: 23608.2 | J9: 636.3 | K9: 30459.6 | L9: 14275.8 | M9: 0 | N9: 33.1 | O9: 2424.1 | P9: 43150 | Q9: 20715 | R9: 22435 | S9: 16361 | T9: 1544.6 | U9: 1226.8 | V9: 317.8 | W9: 1171.4 | X9: 80.8 | Y9: 55.4 | Z9: 15738.9 | AA9: 55077 | AB9: 14030
A10: 100000 | B10: 31/12/2018 | C10: 75074.2 | D10: 26435.7 | E10: 10627.8 | F10: 10870.7 | G10: 9800 | H10: 26659772 | I10: 30585.5 | J10: 384.1 | K10: 43274.1 | L10: 17840.1 | M10: 0 | N10: 15.3 | O10: 2464.9 | P10: 45548 | Q10: 22124 | R10: 23424 | S10: 15745 | T10: 1554.7 | U10: 1228.3 | V10: 326.4 | W10: 1131.2 | X10: 77.5 | Y10: 97.1 | Z10: 19207.2 | AA10: 61284 | AB10: 7148
A11: 100000 | B11: 31/12/2019 | C11: 99397.2 | D11: 42458.1 | E11: 16710.5 | F11: 16256.9 | G11: 13229.5 | H11: 43367525 | I11: 38228.9 | J11: 399.1 | K11: 52747.5 | L11: 21997.7 | M11: 0 | N11: 74.5 | O11: 2509.9 | P11: 50285 | Q11: 24286 | R11: 25999 | S11: 15482 | T11: 1608.2 | U11: 1276.5 | V11: 331.7 | W11: 1182.6 | X11: 80.1 | Y11: 93.9 | Z11: 24621.4 | AA11: 69236 | AB11: 6718
A12: 100000 | B12: 31/12/2020 | C12: 111465.3 | D12: 50371.4 | E12: 19065.6 | F12: 19215.4 | G12: 12360.1 | H12: 69991603 | I12: 46111.6 | J12: 433.5 | K12: 66188 | L12: 24984.3 | M12: 0 | N12: 33.7 | O12: 2571.7 | P12: 54401 | Q12: 26255 | R12: 28146 | S12: 21199 | T12: 1750.5 | U12: 1352.3 | V12: 398.2 | W12: 1243.5 | X12: 81.7 | Y12: 108.8 | Z12: 26334.9 | AA12: 83846 | AB12: 8657
A13: 100000 | B13: 31/12/2021 | C13: 144477.1 | D13: 58172.7 | E13: 20619.8 | F13: 26535.4 | G13: 16583.1 | H13: 1.0785125e+08 | I13: 52954.5 | J13: 480.6 | K13: 90211.9 | L13: 35424.2 | M13: 0 | N13: 28.6 | O13: 2694.4 | P13: 63034 | Q13: 30668 | R13: 32366 | S13: 18892 | T13: 1877.5 | U13: 1416.1 | V13: 461.4 | W13: 1317.2 | X13: 81.3 | Y13: 98.9 | Z13: 31502 | AA13: 95951 | AB13: 25543
A14: 100000 | B14: 31/12/2022 | C14: 178973.3 | D14: 56847.9 | E14: 19539.4 | F14: 32946.3 | G14: 19609 | H14: 1.4235408e+08 | I14: 66784 | J14: 1912.2 | K14: 108807.7 | L14: 33302.8 | M14: 0 | N14: 20.8 | O14: 2860.6 | P14: 74036 | Q14: 35960 | R14: 38076 | S14: 16471 | T14: 1945.6 | U14: 1466.4 | V14: 479.2 | W14: 1371.1 | X14: 82.5 | Y14: 95.3 | Z14: 38143.6 | AA14: 105603 | AB14: 22791
A15: 100000 | B15: 31/12/2023 | C15: 222926.1 | D15: 71143.7 | E15: 23725.7 | F15: 54310.9 | G15: 25186.3 | H15: 2.1046731e+08 | I15: 85449.9 | J15: 4211.7 | K15: 124116.4 | M15: 0 | N15: 15.2 | O15: 2956.4 | P15: 75017 | Q15: 36310 | R15: 38707 | S15: 15616 | T15: 1991.2 | U15: 1476.4 | V15: 514.8 | W15: 1396.8 | X15: 82.3 | Y15: 79.6 | Z15: 47183.4 | AA15: 117812 | AB15: 21728
A16: 100000 | B16: 31/12/2024 | C16: 302878.5 | D16: 91642.8 | E16: 29785.11 | F16: 69012.3 | G16: 26528.2 | H16: 2.4575401e+08 | I16: 108188 | J16: 6273.4 | K16: 171706.2 | M16: 0 | N16: 21.1 | O16: 3040.8 | P16: 68153 | Q16: 33054 | R16: 35099 | S16: 16720 | T16: 2068.5 | U16: 1491.4 | V16: 577.1 | W16: 1424.7 | X16: 82.3 | Y16: 66.7 | Z16: 60594.4 | AA16: 99151 | AB16: 32106
